"","iso_code","continent","location","last_updated_date","total_cases","new_cases","new_cases_smoothed","total_deaths","new_deaths","new_deaths_smoothed","total_cases_per_million","new_cases_per_million","new_cases_smoothed_per_million","total_deaths_per_million","new_deaths_per_million","new_deaths_smoothed_per_million","reproduction_rate","icu_patients","icu_patients_per_million","hosp_patients","hosp_patients_per_million","weekly_icu_admissions","weekly_icu_admissions_per_million","weekly_hosp_admissions","weekly_hosp_admissions_per_million","new_tests","total_tests","total_tests_per_thousand","new_tests_per_thousand","new_tests_smoothed","new_tests_smoothed_per_thousand","positive_rate","tests_per_case","tests_units","total_vaccinations","people_vaccinated","people_fully_vaccinated","new_vaccinations","new_vaccinations_smoothed","total_vaccinations_per_hundred","people_vaccinated_per_hundred","people_fully_vaccinated_per_hundred","new_vaccinations_smoothed_per_million","stringency_index","population","population_density","median_age","aged_65_older","aged_70_older","gdp_per_capita","extreme_poverty","cardiovasc_death_rate","diabetes_prevalence","female_smokers","male_smokers","handwashing_facilities","hospital_beds_per_thousand","life_expectancy","human_development_index"
"1","AFG","Asia","Afghanistan",2021-04-22,58312,98,111.143,2561,4,4,1497.932,2.517,2.855,65.788,0.103,0.103,1.34,NA,NA,NA,NA,NA,NA,NA,NA,NA,NA,NA,NA,NA,NA,NA,NA,NA,240000,240000,NA,NA,8000,0.62,0.62,NA,206,NA,38928341,54.422,18.6,2.581,1.337,1803.987,NA,597.029,9.59,NA,NA,37.746,0.5,64.83,0.511
"2","OWID_AFR",NA,"Africa",2021-04-22,4474950,12579,11146.571,119227,308,309.714,3338.025,9.383,8.315,88.936,0.23,0.231,NA,NA,NA,NA,NA,NA,NA,NA,NA,NA,NA,NA,NA,NA,NA,NA,NA,NA,16123345,11205537,4689884,76411,178788,1.2,0.84,0.35,133,NA,1340598113,NA,NA,NA,NA,NA,NA,NA,NA,NA,NA,NA,NA,NA,NA
"3","ALB","Europe","Albania",2021-04-22,130114,134,140.857,2364,6,4.143,45213.01,46.563,48.946,821.461,2.085,1.44,0.67,NA,NA,NA,NA,NA,NA,NA,NA,2584,592932,206.037,0.898,2571,0.893,0.057,17.6,"tests performed",382998,NA,NA,10923,11216,13.31,NA,NA,3897,54.63,2877800,104.871,38,13.188,8.643,11803.431,1.1,304.195,10.08,7.1,51.2,NA,2.89,78.57,0.795
"4","DZA","Africa","Algeria",2021-04-22,120363,189,174.429,3181,9,5.286,2744.815,4.31,3.978,72.541,0.205,0.121,1.18,NA,NA,NA,NA,NA,NA,NA,NA,NA,NA,NA,NA,NA,NA,NA,NA,NA,NA,NA,NA,NA,NA,NA,NA,NA,NA,NA,43851043,17.348,29.1,6.211,3.857,13913.839,0.5,278.364,6.73,0.7,30.4,83.741,1.9,76.88,0.748
"5","AND","Europe","Andorra",2021-04-22,12942,25,43,123,0,0.286,167501.456,323.562,556.526,1591.924,0,3.698,0.97,NA,NA,NA,NA,NA,NA,NA,NA,NA,177079,2291.84,NA,470,6.083,0.068,14.7,"people tested",26414,21733,4681,1973,1050,34.19,28.13,6.06,13590,52.78,77265,163.755,NA,NA,NA,NA,NA,109.135,7.97,29,37.8,NA,NA,83.73,0.868
"6","AGO","Africa","Angola",2021-04-22,25051,168,157.143,572,2,2.143,762.21,5.112,4.781,17.404,0.061,0.065,1.22,NA,NA,NA,NA,NA,NA,NA,NA,NA,NA,NA,NA,NA,NA,NA,NA,NA,395447,395447,NA,NA,18751,1.2,1.2,NA,571,NA,32866268,23.89,16.8,2.405,1.362,5819.495,NA,276.045,3.94,NA,NA,26.664,NA,61.15,0.581
"7","AIA","North America","Anguilla",2021-04-12,NA,NA,NA,NA,NA,NA,NA,NA,NA,NA,NA,NA,NA,NA,NA,NA,NA,NA,NA,NA,NA,NA,NA,NA,NA,NA,NA,NA,NA,NA,5835,5835,NA,NA,20,38.89,38.89,NA,1333,NA,15002,NA,NA,NA,NA,NA,NA,NA,NA,NA,NA,NA,NA,81.88,NA
"8","ATG","North America","Antigua and Barbuda",2021-04-22,1217,0,1.143,31,0,0,12427.498,0,11.67,316.559,0,0,0.69,NA,NA,NA,NA,NA,NA,NA,NA,NA,NA,NA,NA,NA,NA,NA,NA,NA,29754,29754,NA,225,250,30.38,30.38,NA,2553,NA,97928,231.845,32.1,6.933,4.631,21490.943,NA,191.511,13.17,NA,NA,NA,3.8,77.02,0.778
"9","ARG","South America","Argentina",2021-04-22,2796768,27216,23944.571,60620,537,242.143,61881.18,602.18,529.797,1341.276,11.882,5.358,1.22,NA,NA,NA,NA,NA,NA,NA,NA,33964,8275984,183.114,0.751,41726,0.923,0.29,3.4,"tests performed",6693438,5851232,842206,142870,108327,14.81,12.95,1.86,2397,NA,45195777,16.177,31.9,11.198,7.441,18933.907,0.6,191.032,5.5,16.2,27.7,NA,5,76.67,0.845
"10","ARM","Asia","Armenia",2021-04-22,211399,881,751,3969,25,21.714,71340.637,297.31,253.439,1339.415,8.437,7.328,0.93,NA,NA,NA,NA,NA,NA,NA,NA,4858,951500,321.102,1.639,4440,1.498,0.173,5.8,"tests performed",NA,NA,NA,NA,NA,NA,NA,NA,NA,NA,2963234,102.931,35.7,11.232,7.571,8787.58,1.8,341.01,7.11,1.5,52.1,94.043,4.2,75.09,0.776
"11","ABW","North America","Aruba",2021-04-22,NA,NA,NA,NA,NA,NA,NA,NA,NA,NA,NA,NA,NA,NA,NA,NA,NA,NA,NA,NA,NA,NA,NA,NA,NA,NA,NA,NA,NA,NA,64288,45097,19191,1946,1641,60.21,42.24,17.97,15370,56.48,106766,584.8,41.2,13.085,7.452,35973.781,NA,NA,11.62,NA,NA,NA,NA,76.29,NA
"12","OWID_ASI",NA,"Asia",2021-04-22,35621280,482744,430847.571,482016,3948,3384.429,7677.252,104.043,92.858,103.886,0.851,0.729,NA,NA,NA,NA,NA,NA,NA,NA,NA,NA,NA,NA,NA,NA,NA,NA,NA,NA,447211656,176213503,49778433,11995474,7662262,9.64,3.8,1.07,1651,NA,4639847425,NA,NA,NA,NA,NA,NA,NA,NA,NA,NA,NA,NA,NA,NA
"13","AUS","Oceania","Australia",2021-04-22,29638,44,22,910,0,0,1162.28,1.725,0.863,35.686,0,0,1.3,NA,NA,NA,NA,NA,NA,NA,NA,37186,16488916,646.627,1.458,32046,1.257,0.001,1852.3,"tests performed",1785338,NA,NA,67231,60810,7,NA,NA,2385,44.91,25499881,3.202,37.9,15.504,10.129,44648.71,0.5,107.791,5.07,13,16.5,NA,3.84,83.44,0.944
"14","AUT","Europe","Austria",2021-04-22,602494,2405,2230.143,10026,29,30.429,66896.207,267.032,247.618,1113.208,3.22,3.379,0.92,546,60.624,1475,163.772,NA,NA,NA,NA,262443,29597609,3286.286,29.14,270639,30.05,NA,NA,"tests performed",2693775,1930800,762975,65466,48623,29.91,21.44,8.47,5399,81.48,9006400,106.749,44.4,19.202,13.748,45436.686,0.7,145.183,6.35,28.4,30.9,NA,7.37,81.54,0.922
"15","AZE","Asia","Azerbaijan",2021-04-22,307980,2047,1967,4274,39,32.714,30375.252,201.89,194,421.533,3.846,3.227,0.99,NA,NA,NA,NA,NA,NA,NA,NA,NA,NA,NA,NA,NA,NA,NA,NA,NA,1381967,917877,464090,15077,15739,13.63,9.05,4.58,1552,72.22,10139175,119.309,32.4,6.018,3.871,15847.419,NA,559.812,7.11,0.3,42.5,83.241,4.7,73,0.756
"16","BHS","North America","Bahamas",2021-04-22,9868,0,51.857,194,0,0.571,25093.58,0,131.869,493.327,0,1.453,1.37,NA,NA,NA,NA,NA,NA,NA,NA,NA,NA,NA,NA,NA,NA,NA,NA,NA,15000,15000,NA,NA,757,3.81,3.81,NA,1925,59.72,393248,39.497,34.3,8.996,5.2,27717.847,NA,235.954,13.17,3.1,20.4,NA,2.9,73.92,0.814
"17","BHR","Asia","Bahrain",2021-04-22,168201,1036,1038.143,614,7,5.714,98849.718,608.845,610.104,360.84,4.114,3.358,1.06,NA,NA,NA,NA,NA,NA,NA,NA,15257,3949992,2321.363,8.966,16487,9.689,0.061,16.5,"units unclear",1149633,642572,507061,12155,17330,67.56,37.76,29.8,10185,NA,1701583,1935.907,32.4,2.372,1.387,43290.705,NA,151.689,16.52,5.8,37.6,NA,2,77.29,0.852
"18","BGD","Asia","Bangladesh",2021-04-22,736074,4014,4101.714,10781,98,100,4469.468,24.373,24.906,65.463,0.595,0.607,0.78,NA,NA,NA,NA,NA,NA,NA,NA,27429,5248270,31.868,0.167,19019,0.115,0.207,4.8,"tests performed",7746661,5778686,1967975,161335,161375,4.7,3.51,1.19,980,83.33,164689383,1265.036,27.5,5.098,3.262,3523.984,14.8,298.003,8.38,1,44.7,34.808,0.8,72.59,0.632
"19","BRB","North America","Barbados",2021-04-22,3806,9,7.571,44,0,0,13244.203,31.318,26.347,153.112,0,0,0.86,NA,NA,NA,NA,NA,NA,NA,NA,NA,NA,NA,NA,NA,NA,NA,NA,NA,71350,71350,NA,216,754,24.83,24.83,NA,2624,NA,287371,664.463,39.8,14.952,9.473,16978.068,NA,170.05,13.57,1.9,14.5,88.469,5.8,79.19,0.814
"20","BLR","Europe","Belarus",2021-04-22,348486,1170,1209,2463,10,10,36879.475,123.818,127.946,260.654,1.058,1.058,1.01,NA,NA,NA,NA,NA,NA,NA,NA,NA,5723427,605.697,NA,16353,1.731,0.075,13.4,"tests performed",NA,92000,NA,NA,NA,NA,0.97,NA,NA,22.22,9449321,46.858,40.3,14.799,9.788,17167.967,NA,443.129,5.18,10.5,46.1,NA,11,74.79,0.823
"21","BEL","Europe","Belgium",2021-04-22,964526,4357,3602.429,23909,42,39,83223.292,375.94,310.832,2062.967,3.624,3.365,0.96,931,80.331,3000,258.852,NA,NA,1652.579,142.591,47806,12155672,1048.842,4.125,41609,3.59,0.096,10.4,"tests performed",3272118,2538840,733278,45357,54057,28.23,21.91,6.33,4664,60.19,11589616,375.564,41.8,18.571,12.849,42658.576,0.2,114.898,4.29,25.1,31.4,NA,5.64,81.63,0.931
"22","BLZ","North America","Belize",2021-04-22,12596,11,9.571,320,2,0.286,31678.407,27.665,24.072,804.786,5.03,0.719,0.88,NA,NA,NA,NA,NA,NA,NA,NA,NA,NA,NA,NA,NA,NA,NA,NA,NA,38211,38211,NA,1114,719,9.61,9.61,NA,1808,73.15,397621,16.426,25,3.853,2.279,7824.362,NA,176.957,17.11,NA,NA,90.083,1.3,74.62,0.716
"23","BEN","Africa","Benin",2021-04-22,7720,0,15.571,97,0,0.286,636.796,0,1.284,8.001,0,0.024,1.04,NA,NA,NA,NA,NA,NA,NA,NA,NA,NA,NA,NA,NA,NA,NA,NA,NA,NA,NA,NA,NA,NA,NA,NA,NA,NA,39.81,12123198,99.11,18.8,3.244,1.942,2064.236,49.6,235.848,0.99,0.6,12.3,11.035,0.5,61.77,0.545
"24","BMU","North America","Bermuda",2021-04-19,NA,NA,NA,NA,NA,NA,NA,NA,NA,NA,NA,NA,NA,NA,NA,NA,NA,NA,NA,NA,NA,NA,NA,NA,NA,NA,NA,NA,NA,NA,52337,30094,22243,NA,731,84.04,48.33,35.72,11739,74.07,62273,1308.82,NA,NA,NA,50669.315,NA,139.547,13,NA,NA,NA,NA,82.59,NA
"25","BTN","Asia","Bhutan",2021-04-22,992,6,8.286,1,0,0,1285.62,7.776,10.738,1.296,0,0,1.24,NA,NA,NA,NA,NA,NA,NA,NA,4130,681537,883.264,5.352,3279,4.25,0.003,360.3,"samples tested",479354,479354,NA,21,246,62.12,62.12,NA,319,66.67,771612,21.188,28.6,4.885,2.977,8708.597,1.5,217.066,9.75,NA,NA,79.807,1.7,71.78,0.654
"26","BOL","South America","Bolivia",2021-04-22,294391,1330,1182.429,12758,27,22.143,25219.761,113.938,101.296,1092.947,2.313,1.897,1.17,NA,NA,NA,NA,NA,NA,NA,NA,10802,1079928,92.515,0.925,8846,0.758,0.125,8,"tests performed",619794,431138,188656,23428,16055,5.31,3.69,1.62,1375,27.78,11673029,10.202,25.4,6.704,4.393,6885.829,7.1,204.299,6.89,NA,NA,25.383,1.1,71.51,0.718
"27","BIH","Europe","Bosnia and Herzegovina",2021-04-22,194371,1256,950.857,8164,82,66,59244.73,382.832,289.823,2488.406,24.994,20.117,0.96,NA,NA,NA,NA,NA,NA,NA,NA,3447,884114,269.48,1.051,3592,1.095,0.267,3.7,"tests performed",15000,NA,NA,NA,263,0.46,NA,NA,80,45.37,3280815,68.496,42.5,16.569,10.711,11713.895,0.2,329.635,10.08,30.2,47.7,97.164,3.5,77.4,0.78
"28","BWA","Africa","Botswana",2021-04-22,45855,1153,254.286,691,7,2.857,19499.282,490.299,108.132,293.839,2.977,1.215,1.04,NA,NA,NA,NA,NA,NA,NA,NA,NA,NA,NA,NA,NA,NA,NA,NA,NA,31628,31628,NA,NA,2335,1.34,1.34,NA,993,62.04,2351625,4.044,25.8,3.941,2.242,15807.374,NA,237.372,4.81,5.7,34.4,NA,1.8,69.59,0.735
"29","BRA","South America","Brazil",2021-04-22,14167973,45178,60184.571,383502,2027,2579.714,66654.179,212.543,283.142,1804.211,9.536,12.136,0.97,NA,NA,NA,NA,NA,NA,NA,NA,NA,NA,NA,NA,NA,NA,NA,NA,NA,35024957,25340967,9683990,966317,430031,16.48,11.92,4.56,2023,NA,212559409,25.04,33.5,8.552,5.06,14103.452,3.4,177.961,8.11,10.1,17.9,NA,2.2,75.88,0.765
"30","BRN","Asia","Brunei",2021-04-22,223,0,0.286,3,0,0,509.734,0,0.653,6.857,0,0,0.75,NA,NA,NA,NA,NA,NA,NA,NA,NA,NA,NA,NA,NA,NA,NA,NA,NA,NA,NA,NA,NA,NA,NA,NA,NA,NA,40.74,437483,81.347,32.4,4.591,2.382,71809.251,NA,201.285,12.79,2,30.9,NA,2.7,75.86,0.838
"31","BGR","Europe","Bulgaria",2021-04-22,392913,0,1450.286,15618,0,91.286,56546.896,0,208.721,2247.697,0,13.138,0.82,797,114.702,9204,1324.613,NA,NA,NA,NA,14179,2405956,346.258,2.041,12385,1.782,0.14,7.1,"tests performed",698517,546700,151817,22016,11163,10.05,7.87,2.18,1607,53.7,6948445,65.18,44.7,20.801,13.272,18563.307,1.5,424.688,5.81,30.1,44.4,NA,7.454,75.05,0.816
"32","BFA","Africa","Burkina Faso",2021-04-22,13212,45,21.143,156,1,0.286,632.054,2.153,1.011,7.463,0.048,0.014,1.03,NA,NA,NA,NA,NA,NA,NA,NA,NA,NA,NA,NA,NA,NA,NA,NA,NA,NA,NA,NA,NA,NA,NA,NA,NA,NA,30.56,20903278,70.151,17.6,2.409,1.358,1703.102,43.7,269.048,2.42,1.6,23.9,11.877,0.4,61.58,0.452
"33","BDI","Africa","Burundi",2021-04-22,3732,26,44,6,0,0,313.857,2.187,3.7,0.505,0,0,1.3,NA,NA,NA,NA,NA,NA,NA,NA,NA,NA,NA,NA,NA,NA,NA,NA,NA,NA,NA,NA,NA,NA,NA,NA,NA,NA,15.74,11890781,423.062,17.5,2.562,1.504,702.225,71.7,293.068,6.05,NA,NA,6.144,0.8,61.58,0.433
"34","KHM","Asia","Cambodia",2021-04-22,8193,446,425,59,5,3.286,490.042,26.676,25.42,3.529,0.299,0.197,1.65,NA,NA,NA,NA,NA,NA,NA,NA,NA,NA,NA,NA,NA,NA,NA,NA,NA,1845972,1281406,564566,70608,48166,11.04,7.66,3.38,2881,68.52,16718971,90.672,25.6,4.412,2.385,3645.07,NA,270.892,4,2,33.7,66.229,0.8,69.82,0.594
"35","CMR","Africa","Cameroon",2021-04-22,64809,0,439.714,939,0,2.857,2441.397,0,16.564,35.373,0,0.108,0.53,NA,NA,NA,NA,NA,NA,NA,NA,NA,NA,NA,NA,NA,NA,NA,NA,NA,400,400,NA,400,400,0,0,NA,15,35.19,26545864,50.885,18.8,3.165,1.919,3364.926,23.8,244.661,7.2,NA,NA,2.735,1.3,59.29,0.563
"36","CAN","North America","Canada",2021-04-22,1164108,9055,8514.286,23810,49,46.857,30843.706,239.917,225.591,630.86,1.298,1.242,1.11,1325,35.107,4351,115.282,NA,NA,NA,NA,137021,30411387,805.767,3.63,130421,3.456,0.066,15.1,"tests performed",11158636,10184121,974515,360486,279047,29.57,26.98,2.58,7394,75.46,37742157,4.037,41.4,16.984,10.797,44017.591,0.5,105.599,7.37,12,16.6,NA,2.5,82.43,0.929
"37","CPV","Africa","Cape Verde",2021-04-22,21500,321,245.714,199,1,1.571,38669.899,577.351,441.942,357.921,1.799,2.826,1.36,NA,NA,NA,NA,NA,NA,NA,NA,1619,NA,NA,2.912,NA,NA,NA,NA,"tests performed",NA,NA,NA,NA,NA,NA,NA,NA,NA,NA,555988,135.58,25.7,4.46,3.437,6222.554,NA,182.219,2.42,2.1,16.5,NA,2.1,72.98,0.665
"38","CYM","North America","Cayman Islands",2021-04-21,NA,NA,NA,NA,NA,NA,NA,NA,NA,NA,NA,NA,NA,NA,NA,NA,NA,NA,NA,NA,NA,NA,NA,NA,NA,NA,NA,NA,NA,NA,63774,34786,28988,424,531,97.04,52.93,44.11,8080,NA,65720,256.496,NA,NA,NA,49903.029,NA,NA,13.22,NA,NA,NA,NA,83.92,NA
"39","CAF","Africa","Central African Republic",2021-04-22,6175,0,70.429,85,0,1.429,1278.53,0,14.582,17.599,0,0.296,1.43,NA,NA,NA,NA,NA,NA,NA,NA,NA,NA,NA,NA,NA,NA,NA,NA,NA,NA,NA,NA,NA,NA,NA,NA,NA,NA,12.96,4829764,7.479,18.3,3.655,2.251,661.24,NA,435.727,6.1,NA,NA,16.603,1,53.28,0.397
"40","TCD","Africa","Chad",2021-04-22,4735,4,8.857,169,0,0.143,288.265,0.244,0.539,10.289,0,0.009,0.98,NA,NA,NA,NA,NA,NA,NA,NA,NA,NA,NA,NA,NA,NA,NA,NA,NA,NA,NA,NA,NA,NA,NA,NA,NA,NA,13.89,16425859,11.833,16.7,2.486,1.446,1768.153,38.4,280.995,6.1,NA,NA,5.818,NA,54.24,0.398
"41","CHL","South America","Chile",2021-04-22,1148320,6917,6660.286,25532,179,109.429,60070.488,361.84,348.41,1335.62,9.364,5.724,0.99,NA,NA,NA,NA,NA,NA,NA,NA,66267,12574563,657.796,3.467,63701,3.332,0.109,9.2,"tests performed",13722557,7849346,5873211,169385,139393,71.78,41.06,30.72,7292,NA,19116209,24.282,35.4,11.087,6.938,22767.037,1.3,127.993,8.46,34.2,41.5,NA,2.11,80.18,0.851
"42","CHN","Asia","China",2021-04-22,102332,32,28.143,4844,-1,-0.143,71.097,0.022,0.02,3.365,-0.001,0,1.09,NA,NA,NA,NA,NA,NA,NA,NA,NA,NA,NA,NA,NA,NA,NA,NA,NA,211223000,NA,NA,7032000,3955286,14.68,NA,NA,2748,78.24,1439323774,147.674,38.7,10.641,5.929,15308.712,0.7,261.899,9.74,1.9,48.4,NA,4.34,76.91,0.761
"43","COL","South America","Colombia",2021-04-22,2720619,19306,16842.857,70026,430,403.857,53468.255,379.42,331.012,1376.219,8.451,7.937,1.17,NA,NA,NA,NA,NA,NA,NA,NA,81926,14095309,277.015,1.61,74010,1.455,0.242,4.1,"tests performed",4131008,2850117,1280891,151433,96561,8.12,5.6,2.52,1898,81.48,50882884,44.223,32.2,7.646,4.312,13254.949,4.5,124.24,7.44,4.7,13.5,65.386,1.71,77.29,0.767
"44","COM","Africa","Comoros",2021-04-22,3824,2,2.143,146,0,0,4397.449,2.3,2.464,167.894,0,0,0.93,NA,NA,NA,NA,NA,NA,NA,NA,NA,NA,NA,NA,NA,NA,NA,NA,NA,NA,NA,NA,NA,NA,NA,NA,NA,NA,NA,869595,437.352,20.4,2.963,1.726,1413.89,18.1,261.516,11.88,4.4,23.6,15.574,2.2,64.32,0.554
"45","COG","Africa","Congo",2021-04-22,10084,0,0,139,0,0,1827.443,0,0,25.19,0,0,0.23,NA,NA,NA,NA,NA,NA,NA,NA,NA,NA,NA,NA,NA,NA,NA,NA,NA,14297,14297,NA,NA,NA,0.26,0.26,NA,NA,53.7,5518092,15.405,19,3.402,2.063,4881.406,37,344.094,7.2,1.7,52.3,47.964,NA,64.57,0.574
"46","CRI","North America","Costa Rica",2021-04-22,235274,1776,1105.857,3125,10,8.571,46185.46,348.638,217.085,613.453,1.963,1.683,1.32,NA,NA,NA,NA,NA,NA,NA,NA,4307,763383,149.856,0.845,4443,0.872,0.171,5.8,"people tested",698327,450593,247734,NA,15933,13.71,8.85,4.86,3128,62.04,5094114,96.079,33.6,9.468,5.694,15524.995,1.3,137.973,8.78,6.4,17.4,83.841,1.13,80.28,0.81
"47","CIV","Africa","Cote d'Ivoire",2021-04-22,45715,18,38.714,277,0,0.571,1733.055,0.682,1.468,10.501,0,0.022,0.58,NA,NA,NA,NA,NA,NA,NA,NA,451,577798,21.904,0.017,2218,0.084,0.02,50.2,"samples tested",109077,109077,NA,3967,3116,0.41,0.41,NA,118,25.93,26378275,76.399,18.7,2.933,1.582,3601.006,28.2,303.74,2.42,NA,NA,19.351,NA,57.78,0.538
"48","HRV","Europe","Croatia",2021-04-22,316308,2885,2201.143,6738,46,42.286,77049.294,702.756,536.175,1641.306,11.205,10.3,1.18,NA,NA,2105,512.756,NA,NA,1636.78,398.702,10537,1734234,422.441,2.567,8662,2.11,0.257,3.9,"people tested",746878,593972,152906,20563,14721,18.19,14.47,3.72,3586,52.78,4105268,73.726,44,19.724,13.053,22669.797,0.7,253.782,5.59,34.3,39.9,NA,5.54,78.49,0.851
"49","CUB","North America","Cuba",2021-04-22,97967,1207,1079.857,559,12,9.714,8649.274,106.563,95.338,49.353,1.059,0.858,1.06,NA,NA,NA,NA,NA,NA,NA,NA,21830,3450918,304.673,1.927,21816,1.926,0.048,20.8,"tests performed",NA,NA,NA,NA,NA,NA,NA,NA,NA,79.63,11326616,110.408,43.1,14.738,9.719,NA,NA,190.968,8.27,17.1,53.3,85.198,5.2,78.8,0.783
"50","CUW","North America","Curacao",2021-04-22,NA,NA,NA,NA,NA,NA,NA,NA,NA,NA,NA,NA,NA,NA,NA,NA,NA,NA,NA,NA,NA,NA,NA,NA,NA,NA,NA,NA,NA,NA,77687,62322,15365,2848,2787,47.34,37.98,9.36,16984,NA,164100,362.644,41.7,16.367,10.068,NA,NA,NA,11.62,NA,NA,NA,NA,78.88,NA
"51","CYP","Europe","Cyprus",2021-04-22,59792,927,835.429,296,1,1.857,68263.578,1058.341,953.796,337.939,1.142,2.12,1.27,36,41.101,271,309.396,26.632,30.405,166.696,190.314,53024,4770915,5446.878,60.537,57958,66.17,0.014,72.3,"tests performed",219654,161389,58265,4979,3635,25.08,18.43,6.65,4150,NA,875899,127.657,37.3,13.416,8.563,32415.132,NA,141.171,9.24,19.6,52.7,NA,3.4,80.98,0.887
"52","CZE","Europe","Czechia",2021-04-22,1612832,2971,2712.143,28787,76,79.714,150605.538,277.431,253.259,2688.117,7.097,7.444,0.8,899,83.948,4032,376.506,1707.398,159.436,7561.622,706.101,159253,NA,NA,14.871,149683,13.977,0.017,58.8,"tests performed",2719610,1794701,924935,67046,50624,25.4,16.76,8.64,4727,59.26,10708982,137.176,43.3,19.027,11.58,32605.906,NA,227.485,6.82,30.5,38.3,NA,6.63,79.38,0.9
"53","COD","Africa","Democratic Republic of Congo",2021-04-22,29350,117,83,752,4,1,327.708,1.306,0.927,8.396,0.045,0.011,1.02,NA,NA,NA,NA,NA,NA,NA,NA,307,NA,NA,0.003,345,0.004,0.215,4.7,"samples tested",NA,NA,NA,NA,NA,NA,NA,NA,NA,28.7,89561404,35.879,17,3.02,1.745,808.133,77.1,318.949,6.1,NA,NA,4.472,NA,60.68,0.48
"54","DNK","Europe","Denmark",2021-04-22,246455,893,776,2468,2,2.571,42549.441,154.173,133.973,426.09,0.345,0.444,1.09,35,6.043,181,31.249,NA,NA,188.008,32.459,171691,24322447,4199.17,29.642,176867,30.535,0.004,269,"tests performed",1691219,1142046,549173,35274,29235,29.2,19.72,9.48,5047,64.81,5792203,136.52,42.3,19.677,12.325,46682.515,0.2,114.767,6.41,19.3,18.8,NA,2.5,80.9,0.94
"55","DJI","Africa","Djibouti",2021-04-22,10697,64,60.286,130,1,2.857,10826.901,64.777,61.018,131.579,1.012,2.892,0.68,NA,NA,NA,NA,NA,NA,NA,NA,NA,NA,NA,NA,NA,NA,NA,NA,NA,10246,10246,NA,NA,NA,1.04,1.04,NA,NA,NA,988002,41.285,25.4,4.213,2.38,2705.406,22.5,258.037,6.05,1.7,24.5,NA,1.4,67.11,0.524
"56","DMA","North America","Dominica",2021-04-22,172,0,1,NA,NA,0,2389.188,0,13.891,NA,NA,0,0.06,NA,NA,NA,NA,NA,NA,NA,NA,NA,NA,NA,NA,NA,NA,NA,NA,NA,18423,17948,475,NA,28,25.59,24.93,0.66,389,29.63,71991,98.567,NA,NA,NA,9673.367,NA,227.376,11.62,NA,NA,NA,3.8,75,0.742
"57","DOM","North America","Dominican Republic",2021-04-22,262935,531,470.857,3441,6,5.143,24238.323,48.95,43.405,317.204,0.553,0.474,1.07,NA,NA,NA,NA,NA,NA,NA,NA,NA,1378669,127.091,NA,3002,0.277,0.153,6.5,"samples tested",1509898,909898,6e+05,NA,39935,13.92,8.39,5.53,3681,70.37,10847904,222.873,27.6,6.981,4.419,14600.861,1.6,266.653,8.2,8.5,19.1,55.182,1.6,74.08,0.756
"58","ECU","South America","Ecuador",2021-04-22,365393,2550,1423.143,17965,161,68,20710.296,144.533,80.663,1018.247,9.125,3.854,1.07,NA,NA,NA,NA,NA,NA,NA,NA,6607,1186632,67.258,0.374,3723,0.211,0.399,2.5,"people tested",601229,421937,179292,23518,19984,3.41,2.39,1.02,1133,65.28,17643060,66.939,28.1,7.104,4.458,10581.936,3.6,140.448,5.55,2,12.3,80.635,1.5,77.01,0.759
"59","EGY","Africa","Egypt",2021-04-22,219774,872,853.714,12914,48,43.286,2147.606,8.521,8.342,126.194,0.469,0.423,1.06,NA,NA,NA,NA,NA,NA,NA,NA,NA,NA,NA,NA,NA,NA,NA,NA,NA,NA,NA,NA,NA,NA,NA,NA,NA,NA,62.04,102334403,97.999,25.3,5.159,2.891,10550.206,1.3,525.432,17.31,0.2,50.1,89.827,1.6,71.99,0.707
"60","SLV","North America","El Salvador",2021-04-22,68161,154,151.714,2089,3,3.571,10508.617,23.743,23.39,322.068,0.463,0.551,0.87,NA,NA,NA,NA,NA,NA,NA,NA,2487,892564,137.61,0.383,2308,0.356,0.065,15.4,"tests performed",2e+05,622912,15456,NA,8000,3.08,9.6,0.24,1233,26.85,6486201,307.811,27.6,8.273,5.417,7292.458,2.2,167.295,8.87,2.5,18.8,90.65,1.3,73.32,0.673
"61","GNQ","Africa","Equatorial Guinea",2021-04-22,7505,0,35.143,106,0,0,5349.309,0,25.049,75.553,0,0,0.62,NA,NA,NA,NA,NA,NA,NA,NA,NA,NA,NA,NA,NA,NA,NA,NA,NA,55799,47410,8389,NA,3453,3.98,3.38,0.6,2461,NA,1402985,45.194,22.4,2.846,1.752,22604.873,NA,202.812,7.78,NA,NA,24.64,2.1,58.74,0.592
"62","ERI","Africa","Eritrea",2021-04-22,3597,33,15.857,10,0,0,1014.26,9.305,4.471,2.82,0,0,1.13,NA,NA,NA,NA,NA,NA,NA,NA,NA,NA,NA,NA,NA,NA,NA,NA,NA,NA,NA,NA,NA,NA,NA,NA,NA,NA,85.19,3546427,44.304,19.3,3.607,2.171,1510.459,NA,311.11,6.05,0.2,11.4,NA,0.7,66.32,0.459
"63","EST","Europe","Estonia",2021-04-22,119218,429,431.143,1120,11,8,89871.463,323.398,325.013,844.302,8.292,6.031,0.78,52,39.2,474,357.321,39.927,30.098,282.481,212.946,5641,1249765,942.125,4.252,5054,3.81,0.089,11.2,"tests performed",385612,295744,89868,2065,5259,29.07,22.29,6.77,3964,61.11,1326539,31.033,42.7,19.452,13.491,29481.252,0.5,255.569,4.02,24.5,39.3,NA,4.69,78.74,0.892
"64","SWZ","Africa","Eswatini",2021-04-22,18426,3,2,671,0,0.143,15882.237,2.586,1.724,578.367,0,0.123,0.19,NA,NA,NA,NA,NA,NA,NA,NA,NA,NA,NA,NA,NA,NA,NA,NA,NA,31846,31846,NA,NA,386,2.74,2.74,NA,333,NA,1160164,79.492,21.5,3.163,1.845,7738.975,NA,333.436,3.94,1.7,16.5,24.097,2.1,60.19,0.611
"65","ETH","Africa","Ethiopia",2021-04-22,247989,1505,1633.571,3496,22,30.143,2157.109,13.091,14.209,30.41,0.191,0.262,0.94,NA,NA,NA,NA,NA,NA,NA,NA,7041,2528645,21.995,0.061,7168,0.062,0.232,4.3,"tests performed",NA,NA,NA,NA,NA,NA,NA,NA,NA,43.52,114963583,104.957,19.8,3.526,2.063,1729.927,26.7,182.634,7.47,0.4,8.5,7.96,0.3,66.6,0.485
"66","OWID_EUR",NA,"Europe",2021-04-22,43758336,189894,161407.429,992258,3638,3344.714,58447.31,253.638,215.589,1325.343,4.859,4.467,NA,NA,NA,NA,NA,NA,NA,NA,NA,NA,NA,NA,NA,NA,NA,NA,NA,NA,194388010,140337932,53415371,2803133,3209573,25.96,18.74,7.13,4287,NA,748680069,NA,NA,NA,NA,NA,NA,NA,NA,NA,NA,NA,NA,NA,NA
"67","OWID_EUN",NA,"European Union",2021-04-22,29891756,151615,128427.714,671724,2526,2357.714,67184.705,340.77,288.654,1509.767,5.677,5.299,NA,NA,NA,NA,NA,NA,NA,NA,NA,NA,NA,NA,NA,NA,NA,NA,NA,NA,124331339,90809559,33226861,2310468,2405261,27.94,20.41,7.47,5406,NA,444919060,NA,NA,NA,NA,NA,NA,NA,NA,NA,NA,NA,NA,NA,NA
"68","FRO","Europe","Faeroe Islands",2021-04-22,NA,NA,NA,NA,NA,NA,NA,NA,NA,NA,NA,NA,NA,NA,NA,NA,NA,NA,NA,NA,NA,NA,NA,NA,NA,NA,NA,NA,NA,NA,15531,10282,5249,697,175,31.78,21.04,10.74,3581,48.15,48865,35.308,NA,NA,NA,NA,NA,NA,NA,NA,NA,NA,NA,80.67,NA
"69","FLK","South America","Falkland Islands",2021-04-14,NA,NA,NA,NA,NA,NA,NA,NA,NA,NA,NA,NA,NA,NA,NA,NA,NA,NA,NA,NA,NA,NA,NA,NA,NA,NA,NA,NA,NA,NA,4407,2632,1775,NA,12,126.53,75.57,50.96,3445,NA,3483,NA,NA,NA,NA,NA,NA,NA,NA,NA,NA,NA,NA,81.44,NA
"70","FJI","Oceania","Fiji",2021-04-22,86,8,2.571,2,0,0,95.935,8.924,2.868,2.231,0,0,NA,NA,NA,NA,NA,NA,NA,NA,NA,351,42492,47.401,0.392,237,0.264,0,1594.4,"tests performed",56000,56000,NA,28295,4861,6.25,6.25,NA,5423,53.7,896444,49.562,28.6,6.224,3.284,8702.975,1.4,412.82,14.49,10.2,34.8,NA,2.3,67.44,0.743
"71","FIN","Europe","Finland",2021-04-22,85077,280,260.571,902,3,2.429,15354.869,50.535,47.028,162.795,0.541,0.438,0.81,34,6.136,161,29.058,NA,NA,NA,NA,16346,4337679,782.873,2.95,15198,2.743,0.018,54.9,"tests performed",1570979,1430756,140223,99443,36288,28.35,25.82,2.53,6549,46.76,5540718,18.136,42.8,21.228,13.264,40585.721,NA,153.507,5.76,18.3,22.6,NA,3.28,81.91,0.938
"72","FRA","Europe","France",2021-04-22,5469674,33445,31545.857,102323,277,298.714,80262.064,490.772,462.904,1501.489,4.065,4.383,1.06,5893,86.474,30789,451.798,2989.297,43.865,12934.049,189.794,426689,NA,NA,6.261,331316,4.862,0.099,10.1,"people tested",18284330,13265147,5019183,415642,358315,26.83,19.47,7.37,5258,78.7,68147687,122.578,42,19.718,13.079,38605.671,NA,86.06,4.77,30.1,35.6,NA,5.98,82.66,0.901
"73","GAB","Africa","Gabon",2021-04-22,22228,0,94.571,136,0,0.571,9986.845,0,42.49,61.104,0,0.257,1.17,NA,NA,NA,NA,NA,NA,NA,NA,NA,NA,NA,NA,NA,NA,NA,NA,NA,5762,5362,400,NA,262,0.26,0.24,0.02,118,71.3,2225728,7.859,23.1,4.45,2.976,16562.413,3.4,259.967,7.2,NA,NA,NA,6.3,66.47,0.703
"74","GMB","Africa","Gambia",2021-04-22,5820,32,18,173,2,0.429,2408.279,13.241,7.448,71.586,0.828,0.177,1.18,NA,NA,NA,NA,NA,NA,NA,NA,NA,NA,NA,NA,NA,NA,NA,NA,NA,16735,16735,NA,NA,1045,0.69,0.69,NA,432,38.89,2416664,207.566,17.5,2.339,1.417,1561.767,10.1,331.43,1.91,0.7,31.2,7.876,1.1,62.05,0.496
"75","GEO","Asia","Georgia",2021-04-22,300264,1226,1145.714,3981,10,10.429,75269.699,307.332,287.206,997.951,2.507,2.614,1.36,NA,NA,NA,NA,NA,NA,NA,NA,NA,NA,NA,NA,NA,NA,NA,NA,NA,33337,33337,NA,1426,1203,0.84,0.84,NA,302,64.81,3989175,65.032,38.7,14.864,10.244,9745.079,4.2,496.218,7.11,5.3,55.5,NA,2.6,73.77,0.812
"76","DEU","Europe","Germany",2021-04-22,3254609,31721,20622.429,81203,265,218.714,38845.258,378.605,246.138,969.195,3.163,2.61,1.17,4818,57.505,NA,NA,NA,NA,2367.441,28.256,NA,53992148,644.421,NA,185091,2.209,0.124,8.1,"tests performed",24286909,18496378,5790531,606283,492867,28.99,22.08,6.91,5883,75,83783945,237.016,46.6,21.453,15.957,45229.245,NA,156.139,8.31,28.2,33.1,NA,8,81.33,0.947
"77","GHA","Africa","Ghana",2021-04-22,91928,145,54.714,777,5,1.571,2958.458,4.666,1.761,25.006,0.161,0.051,0.79,NA,NA,NA,NA,NA,NA,NA,NA,2694,1055797,33.978,0.087,2729,0.088,0.024,42.5,"samples tested",842521,842521,NA,38597,13675,2.71,2.71,NA,440,47.22,31072945,126.719,21.1,3.385,1.948,4227.63,12,298.245,4.97,0.3,7.7,41.047,0.9,64.07,0.611
"78","GIB","Europe","Gibraltar",2021-04-22,NA,NA,NA,NA,NA,NA,NA,NA,NA,NA,NA,NA,NA,NA,NA,NA,NA,NA,NA,NA,NA,NA,NA,NA,NA,NA,NA,NA,NA,NA,67366,35912,31454,1278,164,199.95,106.59,93.36,4868,NA,33691,3457.1,NA,NA,NA,NA,NA,NA,NA,NA,NA,NA,NA,79.93,NA
"79","GRC","Europe","Greece",2021-04-22,326395,2756,2627,9788,75,78.429,31314.712,264.414,252.037,939.072,7.196,7.525,1,NA,NA,NA,NA,381.193,36.572,NA,NA,63048,7692455,738.023,6.049,44714,4.29,0.051,19.5,"samples tested",2708780,1924630,784150,56332,45947,25.99,18.47,7.52,4408,87.96,10423056,83.479,45.3,20.396,14.524,24574.382,1.5,175.695,4.55,35.3,52,NA,4.21,82.24,0.888
"80","GRL","North America","Greenland",2021-04-22,NA,NA,NA,NA,NA,NA,NA,NA,NA,NA,NA,NA,NA,NA,NA,NA,NA,NA,NA,NA,NA,NA,NA,NA,NA,NA,NA,NA,NA,NA,12434,8136,4298,201,315,21.9,14.33,7.57,5549,37.04,56772,0.137,NA,NA,NA,NA,NA,199.941,2.16,NA,NA,NA,NA,71.7,NA
"81","GRD","North America","Grenada",2021-04-22,159,2,0.571,1,0,0,1413.095,17.775,5.079,8.887,0,0,0,NA,NA,NA,NA,NA,NA,NA,NA,NA,NA,NA,NA,NA,NA,NA,NA,NA,NA,NA,NA,NA,NA,NA,NA,NA,NA,NA,112519,317.132,29.4,7.304,5.021,13593.877,NA,243.964,10.71,NA,NA,NA,3.7,72.4,0.779
"82","GTM","North America","Guatemala",2021-04-22,218145,1816,1350.143,7345,36,32.143,12176.282,101.364,75.361,409.979,2.009,1.794,1.24,NA,NA,NA,NA,NA,NA,NA,NA,2006,1166672,65.121,0.112,8303,0.463,0.166,6,"people tested",162110,160282,1828,1740,1602,0.9,0.89,0.01,89,NA,17915567,157.834,22.9,4.694,3.016,7423.808,8.7,155.898,10.18,NA,NA,76.665,0.6,74.3,0.663
"83","GGY","Europe","Guernsey",2021-04-20,NA,NA,NA,NA,NA,NA,NA,NA,NA,NA,NA,NA,NA,NA,NA,NA,NA,NA,NA,NA,NA,NA,NA,NA,NA,NA,NA,NA,NA,NA,46587,32969,13618,NA,758,69.48,49.17,20.31,11305,NA,67052,NA,NA,NA,NA,NA,NA,NA,NA,NA,NA,NA,NA,NA,NA
"84","GIN","Africa","Guinea",2021-04-22,21745,79,63.714,139,0,0.429,1655.779,6.015,4.852,10.584,0,0.033,1.04,NA,NA,NA,NA,NA,NA,NA,NA,NA,NA,NA,NA,NA,NA,NA,NA,NA,116113,83324,32789,1816,1868,0.88,0.63,0.25,142,61.11,13132792,51.755,19,3.135,1.733,1998.926,35.3,336.717,2.42,NA,NA,17.45,0.3,61.6,0.477
"85","GNB","Africa","Guinea-Bissau",2021-04-22,3721,8,2.143,66,0,0,1890.754,4.065,1.089,33.537,0,0,0.76,NA,NA,NA,NA,NA,NA,NA,NA,NA,NA,NA,NA,NA,NA,NA,NA,NA,NA,NA,NA,NA,NA,NA,NA,NA,NA,NA,1967998,66.191,19.4,3.002,1.565,1548.675,67.1,382.474,2.42,NA,NA,6.403,NA,58.32,0.48
"86","GUY","South America","Guyana",2021-04-22,12234,102,101,277,3,2,15553.824,129.679,128.407,352.167,3.814,2.543,1.16,NA,NA,NA,NA,NA,NA,NA,NA,NA,NA,NA,NA,NA,NA,NA,NA,NA,73600,73000,600,NA,2974,9.36,9.28,0.08,3781,NA,786559,3.952,26.3,5.305,2.837,7435.047,NA,373.159,11.62,NA,NA,77.159,1.6,69.91,0.682
"87","HTI","North America","Haiti",2021-04-22,12944,26,12.429,251,0,-0.143,1135.186,2.28,1.09,22.013,0,-0.013,1.07,NA,NA,NA,NA,NA,NA,NA,NA,NA,NA,NA,NA,NA,NA,NA,NA,NA,NA,NA,NA,NA,NA,NA,NA,NA,NA,32.41,11402533,398.448,24.3,4.8,2.954,1653.173,23.5,430.548,6.65,2.9,23.1,22.863,0.7,64,0.51
"88","HND","North America","Honduras",2021-04-22,204828,2415,836.143,5047,71,16.857,20680.071,243.826,84.42,509.561,7.168,1.702,1.05,NA,NA,NA,NA,NA,NA,NA,NA,NA,NA,NA,NA,NA,NA,NA,NA,NA,57639,55000,2639,NA,802,0.58,0.56,0.03,81,82.41,9904608,82.805,24.9,4.652,2.883,4541.795,16,240.208,7.21,2,NA,84.169,0.7,75.27,0.634
"89","HKG","Asia","Hong Kong",2021-04-22,NA,NA,NA,NA,NA,NA,NA,NA,NA,NA,NA,NA,NA,NA,NA,NA,NA,NA,NA,NA,NA,NA,NA,NA,NA,NA,NA,NA,NA,NA,1196682,789314,407368,23499,30798,15.96,10.53,5.43,4108,74.07,7496988,7039.714,44.8,16.303,10.158,56054.92,NA,NA,8.33,NA,NA,NA,NA,84.86,0.949
"90","HUN","Europe","Hungary",2021-04-22,760967,3607,3426.429,26001,214,211.429,78772.198,373.382,354.69,2691.517,22.152,21.886,0.73,NA,NA,8445,874.192,NA,NA,NA,NA,26406,4755087,492.227,2.733,24598,2.546,0.153,6.5,"tests performed",4999342,3508846,1490478,126592,72685,51.75,36.32,15.43,7524,70.37,9660350,108.043,43.4,18.577,11.976,26777.561,0.5,278.296,7.55,26.8,34.8,NA,7.02,76.88,0.854
"91","ISL","Europe","Iceland",2021-04-22,6379,17,14.286,29,0,0,18693.04,49.817,41.863,84.982,0,0,0.97,NA,NA,3,8.791,0.937,2.746,0.937,2.746,4176,335032,981.779,12.237,1786,5.234,0.006,164.5,"tests performed",113330,80721,32609,6642,2325,33.21,23.65,9.56,6813,47.22,341250,3.404,37.3,14.431,9.207,46482.958,0.2,117.992,5.31,14.3,15.2,NA,2.91,82.99,0.949
"92","IND","Asia","India",2021-04-22,16263695,332921,281682.571,186920,2263,1801.714,11785.249,241.246,204.117,135.449,1.64,1.306,1.5,NA,NA,NA,NA,NA,NA,NA,NA,1651711,272705103,197.612,1.197,1528813,1.108,0.178,5.6,"samples tested",132754608,113584269,19170339,3108503,2218728,9.62,8.23,1.39,1608,69.91,1380004385,450.419,28.2,5.989,3.414,6426.674,21.2,282.28,10.39,1.9,20.6,59.55,0.53,69.66,0.645
"93","IDN","Asia","Indonesia",2021-04-22,1626812,6243,5350.429,44172,165,157,5947.611,22.824,19.561,161.492,0.603,0.574,1.02,NA,NA,NA,NA,NA,NA,NA,NA,55681,9468108,34.615,0.204,45628,0.167,0.122,8.2,"people tested",17920908,11432711,6488197,276683,203169,6.55,4.18,2.37,743,68.98,273523621,145.725,29.3,5.319,3.053,11188.744,5.7,342.864,6.32,2.8,76.1,64.204,1.04,71.72,0.718
"94","OWID_INT",NA,"International",2021-04-22,721,0,0,15,0,0,NA,NA,NA,NA,NA,NA,NA,NA,NA,NA,NA,NA,NA,NA,NA,NA,NA,NA,NA,NA,NA,NA,NA,NA,NA,NA,NA,NA,NA,NA,NA,NA,NA,NA,NA,NA,NA,NA,NA,NA,NA,NA,NA,NA,NA,NA,NA,NA,NA
"95","IRN","Asia","Iran",2021-04-22,2335905,24092,23861.857,68366,453,383.714,27810.726,286.834,284.094,813.949,5.393,4.568,1.13,NA,NA,NA,NA,NA,NA,NA,NA,NA,14854140,176.85,NA,111642,1.329,0.218,4.6,"tests performed",667202,518904,148298,71691,26723,0.79,0.62,0.18,318,81.48,83992953,49.831,32.4,5.44,3.182,19082.62,0.2,270.308,9.59,0.8,21.1,NA,1.5,76.68,0.783
"96","IRQ","Asia","Iraq",2021-04-22,1010304,8450,7634.857,15128,30,34.714,25117.88,210.081,189.816,376.108,0.746,0.863,1.06,NA,NA,NA,NA,NA,NA,NA,NA,50382,8989021,223.482,1.253,42642,1.06,0.179,5.6,"samples tested",197914,197914,NA,NA,9480,0.49,0.49,NA,236,73.15,40222503,88.125,20,3.186,1.957,15663.986,2.5,218.612,8.83,NA,NA,94.576,1.4,70.6,0.674
"97","IRL","Europe","Ireland",2021-04-22,245310,615,415.429,4866,10,6.571,49680.06,124.549,84.132,985.46,2.025,1.331,0.94,47,9.518,181,36.656,17.903,3.626,98.469,19.942,18095,4351054,881.173,3.665,15600,3.159,0.024,40.9,"tests performed",1240965,878823,362142,4396,20857,25.13,17.8,7.33,4224,80.56,4937796,69.874,38.7,13.928,8.678,67335.293,0.2,126.459,3.28,23,25.7,NA,2.96,82.3,0.955
"98","IMN","Europe","Isle of Man",2021-04-22,NA,NA,NA,NA,NA,NA,NA,NA,NA,NA,NA,NA,NA,NA,NA,NA,NA,NA,NA,NA,NA,NA,NA,NA,NA,NA,NA,NA,NA,NA,67915,52407,15508,833,606,79.87,61.63,18.24,7127,NA,85032,147.872,NA,NA,NA,NA,NA,NA,NA,NA,NA,NA,NA,81.4,NA
"99","ISR","Asia","Israel",2021-04-22,837807,315,129.286,6346,0,4.429,96794.296,36.393,14.937,733.172,0,0.512,0.61,103,11.9,264,30.501,65,7.51,133,15.366,35027,15880436,1834.713,4.047,38529,4.451,0.004,276,"tests performed",10379693,5374276,5005417,11431,10986,119.92,62.09,57.83,1269,49.07,8655541,402.606,30.6,11.733,7.359,33132.32,0.5,93.32,6.74,15.4,35.4,NA,2.99,82.97,0.919
"100","ITA","Europe","Italy",2021-04-22,3920945,16046,13541.286,118357,360,345.714,64849.925,265.391,223.964,1957.549,5.954,5.718,0.91,3311,54.762,26959,445.885,NA,NA,4389.557,72.6,364804,56250055,930.34,6.034,292166,4.832,0.048,20.9,"tests performed",16684215,11773361,4911141,367395,331769,27.59,19.47,8.12,5487,78.7,60461828,205.859,47.9,23.021,16.24,35220.084,2,113.151,4.78,19.8,27.8,NA,3.18,83.51,0.892
"101","JAM","North America","Jamaica",2021-04-22,44502,165,180.286,751,7,7.714,15028.565,55.721,60.883,253.617,2.364,2.605,0.78,NA,NA,NA,NA,NA,NA,NA,NA,1341,320168,108.122,0.453,1419,0.479,0.129,7.7,"samples tested",135473,135473,NA,NA,13076,4.57,4.57,NA,4416,74.07,2961161,266.879,31.4,9.684,6.39,8193.571,NA,206.537,11.28,5.3,28.6,66.425,1.7,74.47,0.734
"102","JPN","Asia","Japan",2021-04-22,553362,5526,4509.429,9778,41,38.857,4375.217,43.692,35.654,77.311,0.324,0.307,1.29,NA,NA,NA,NA,NA,NA,NA,NA,96428,10550284,83.417,0.762,70778,0.56,0.062,16.2,"people tested",2517045,1667994,849051,162662,94759,1.99,1.32,0.67,749,45.37,126476458,347.778,48.2,27.049,18.493,39002.223,NA,79.37,5.72,11.2,33.7,NA,13.05,84.63,0.919
"103","JEY","Europe","Jersey",2021-04-18,NA,NA,NA,NA,NA,NA,NA,NA,NA,NA,NA,NA,NA,NA,NA,NA,NA,NA,NA,NA,NA,NA,NA,NA,NA,NA,NA,NA,NA,NA,77185,49413,27772,NA,904,76.37,48.89,27.48,8944,NA,101073,NA,NA,NA,NA,NA,NA,NA,NA,NA,NA,NA,NA,NA,NA
"104","JOR","Asia","Jordan",2021-04-22,697487,2097,2621.286,8474,45,59.571,68360.034,205.525,256.91,830.529,4.41,5.839,0.71,NA,NA,NA,NA,NA,NA,NA,NA,24628,6546769,641.643,2.414,20316,1.991,0.135,7.4,"tests performed",732052,607381,124671,NA,15289,7.17,5.95,1.22,1498,70.37,10203140,109.285,23.2,3.81,2.361,8337.49,0.1,208.257,11.75,NA,NA,NA,1.4,74.53,0.729
"105","KAZ","Asia","Kazakhstan",2021-04-22,352988,3001,2848.857,3304,3,3.143,18799.25,159.826,151.723,175.963,0.16,0.167,1.18,NA,NA,NA,NA,NA,NA,NA,NA,46635,9624583,512.581,2.484,52248,2.783,0.052,19.3,"tests performed",956101,823498,132603,62937,43666,5.09,4.39,0.71,2326,62.96,18776707,6.681,30.6,6.991,4.625,24055.588,0.1,466.792,7.11,7,43.1,98.999,6.7,73.6,0.825
"106","KEN","Africa","Kenya",2021-04-22,154392,904,739,2560,20,19.429,2871.271,16.812,13.743,47.609,0.372,0.361,0.84,NA,NA,NA,NA,NA,NA,NA,NA,NA,1605847,29.864,NA,5756,0.107,0.132,7.6,"samples tested",750471,750471,NA,NA,25890,1.4,1.4,NA,481,62.96,53771300,87.324,20,2.686,1.528,2993.028,36.8,218.637,2.92,1.2,20.4,24.651,1.4,66.7,0.601
"107","OWID_KOS","Europe","Kosovo",2021-04-22,102720,888,501.429,2115,10,12.143,53146.41,459.443,259.435,1094.282,5.174,6.283,1.06,NA,NA,NA,NA,NA,NA,NA,NA,NA,NA,NA,NA,NA,NA,NA,NA,NA,16132,16132,NA,NA,1127,0.83,0.83,NA,583,61.11,1932774,168.155,NA,NA,NA,9795.834,0.6,NA,NA,NA,NA,NA,NA,NA,NA
"108","KWT","Asia","Kuwait",2021-04-22,262766,1459,1385.714,1493,11,9.286,61529.592,341.641,324.48,349.603,2.576,2.174,0.99,NA,NA,NA,NA,NA,NA,NA,NA,9995,2256129,528.298,2.34,8620,2.018,0.163,6.1,"tests performed",NA,822000,NA,NA,NA,NA,19.25,NA,NA,NA,4270563,232.128,33.7,2.345,1.114,65530.537,NA,132.235,15.84,2.7,37,NA,2,75.49,0.806
"109","KGZ","Asia","Kyrgyzstan",2021-04-22,93006,380,266,1566,5,3.714,14255.561,58.245,40.771,240.03,0.766,0.569,1.26,NA,NA,NA,NA,NA,NA,NA,NA,NA,NA,NA,NA,NA,NA,NA,NA,NA,2100,2100,NA,NA,203,0.03,0.03,NA,31,58.33,6524191,32.333,26.3,4.489,2.882,3393.474,1.4,436.362,7.11,3.6,50.5,89.22,4.5,71.45,0.697
"110","LAO","Asia","Laos",2021-04-22,94,6,5.857,NA,NA,0,12.92,0.825,0.805,NA,NA,0,NA,NA,NA,NA,NA,NA,NA,NA,NA,NA,NA,NA,NA,NA,NA,NA,NA,NA,137026,106105,30921,NA,1139,1.88,1.46,0.42,157,16.67,7275556,29.715,24.4,4.029,2.322,6397.36,22.7,368.111,4,7.3,51.2,49.839,1.5,67.92,0.613
"111","LVA","Europe","Latvia",2021-04-22,113561,578,547.143,2088,9,8.286,60206.171,306.436,290.076,1106.986,4.771,4.393,1.08,NA,NA,578,306.436,128.537,68.146,NA,NA,17164,2133594,1131.159,9.1,13431,7.121,0.041,24.2,"tests performed",240822,205384,35438,8122,6051,12.77,10.89,1.88,3208,56.48,1886202,31.212,43.9,19.754,14.136,25063.846,0.7,350.06,4.91,25.6,51,NA,5.57,75.29,0.866
"112","LBN","Asia","Lebanon",2021-04-22,516600,1512,1685.714,7057,30,35.429,75687.406,221.524,246.975,1033.926,4.395,5.191,0.87,NA,NA,NA,NA,NA,NA,NA,NA,NA,NA,NA,NA,NA,NA,NA,NA,NA,372427,229197,143230,6597,7401,5.46,3.36,2.1,1084,81.48,6825442,594.561,31.1,8.514,5.43,13367.565,NA,266.591,12.71,26.9,40.7,NA,2.9,78.93,0.744
"113","LSO","Africa","Lesotho",2021-04-22,10723,3,2,316,0,0.143,5005.48,1.4,0.934,147.508,0,0.067,0.22,NA,NA,NA,NA,NA,NA,NA,NA,NA,NA,NA,NA,NA,NA,NA,NA,NA,16000,16000,NA,NA,410,0.75,0.75,NA,191,60.19,2142252,73.562,22.2,4.506,2.647,2851.153,59.6,405.126,3.94,0.4,53.9,2.117,NA,54.33,0.527
"114","LBR","Africa","Liberia",2021-04-22,2091,0,7,85,0,0,413.431,0,1.384,16.806,0,0,0.03,NA,NA,NA,NA,NA,NA,NA,NA,NA,NA,NA,NA,NA,NA,NA,NA,NA,NA,NA,NA,NA,NA,NA,NA,NA,NA,40.74,5057677,49.127,19.2,3.057,1.756,752.788,38.6,272.509,2.42,1.5,18.1,1.188,0.8,64.1,0.48
"115","LBY","Africa","Libya",2021-04-22,174216,533,522.571,2936,12,9,25354.202,77.569,76.051,427.285,1.746,1.31,0.9,NA,NA,NA,NA,NA,NA,NA,NA,2786,NA,NA,0.405,NA,NA,NA,NA,"samples tested",750,750,NA,NA,NA,0.01,0.01,NA,NA,79.63,6871287,3.623,29,4.424,2.816,17881.509,NA,341.862,10.43,NA,NA,NA,3.7,72.91,0.724
"116","LIE","Europe","Liechtenstein",2021-04-22,2851,2,10.143,57,1,0.143,74756.798,52.443,265.958,1494.612,26.221,3.746,1.32,NA,NA,NA,NA,NA,NA,NA,NA,210,38302,1004.327,5.506,223,5.847,0.051,19.6,"tests performed",8860,5876,2984,0,207,23.23,15.41,7.82,5428,NA,38137,237.012,NA,NA,NA,NA,NA,NA,7.77,NA,NA,NA,2.397,82.49,0.919
"117","LTU","Europe","Lithuania",2021-04-22,237950,1417,1069.714,3818,16,12.571,87407.996,520.517,392.946,1402.495,5.877,4.618,1.11,NA,NA,1048,384.97,70.15,25.769,325.417,119.538,19133,2669896,980.753,7.028,17352,6.374,0.062,16.1,"tests performed",847735,610150,237585,24661,13516,31.14,22.41,8.73,4965,61.11,2722291,45.135,43.5,19.002,13.778,29524.265,0.7,342.989,3.67,21.3,38,NA,6.56,75.93,0.882
"118","LUX","Europe","Luxembourg",2021-04-22,65813,209,180.571,790,2,0.714,105136.619,333.879,288.464,1262.029,3.195,1.141,0.97,37,59.108,116,185.311,NA,NA,NA,NA,8922,2598881,4151.726,14.253,8481,13.548,0.021,46.7,"tests performed",170038,123137,46901,3314,3218,27.16,19.67,7.49,5141,53.7,625976,231.447,39.7,14.312,9.842,94277.965,0.2,128.275,4.42,20.9,26,NA,4.51,82.25,0.916
"119","MAC","Asia","Macao",2021-04-22,NA,NA,NA,NA,NA,NA,NA,NA,NA,NA,NA,NA,NA,NA,NA,NA,NA,NA,NA,NA,NA,NA,NA,NA,NA,NA,NA,NA,NA,NA,88292,56931,31361,1639,1886,13.6,8.77,4.83,2904,23.15,649342,20546.766,39.2,9.798,4.991,104861.851,NA,NA,NA,NA,NA,NA,NA,84.24,NA
"120","MDG","Africa","Madagascar",2021-04-22,34069,477,551.714,579,10,7.429,1230.327,17.226,19.924,20.909,0.361,0.268,1.3,NA,NA,NA,NA,NA,NA,NA,NA,1264,172412,6.226,0.046,1578,0.057,0.384,2.6,"tests performed",NA,NA,NA,NA,NA,NA,NA,NA,NA,62.04,27691019,43.951,19.6,2.929,1.686,1416.44,77.6,405.994,3.94,NA,NA,50.54,0.2,67.04,0.528
"121","MWI","Africa","Malawi",2021-04-22,33989,14,12.429,1145,3,1.571,1776.742,0.732,0.65,59.854,0.157,0.082,0.75,NA,NA,NA,NA,NA,NA,NA,NA,NA,225576,11.792,NA,511,0.027,0.039,25.6,"samples tested",267293,267293,NA,3362,3034,1.4,1.4,NA,159,50.93,19129955,197.519,18.1,2.979,1.783,1095.042,71.4,227.349,3.94,4.4,24.7,8.704,1.3,64.26,0.483
"122","MYS","Asia","Malaysia",2021-04-22,384688,2875,2387.286,1407,7,6.286,11885.56,88.828,73.759,43.472,0.216,0.194,1.23,NA,NA,NA,NA,NA,NA,NA,NA,66579,8849606,273.423,2.057,63091,1.949,0.037,27.4,"people tested",1210779,748444,462335,33131,22949,3.74,2.31,1.43,709,NA,32365998,96.254,29.9,6.293,3.407,26808.164,0.1,260.942,16.74,1,42.4,NA,1.9,76.16,0.81
"123","MDV","Asia","Maldives",2021-04-22,27084,164,163.571,71,0,0.571,50105.265,303.399,302.606,131.35,0,1.057,1.07,NA,NA,NA,NA,NA,NA,NA,NA,3000,710527,1314.471,5.55,2863,5.297,0.055,18.3,"samples tested",349757,287171,62586,7378,6572,64.7,53.13,11.58,12158,NA,540542,1454.433,30.6,4.12,2.875,15183.616,NA,164.905,9.19,2.1,55,95.803,NA,78.92,0.74
"124","MLI","Africa","Mali",2021-04-22,13420,84,102,456,5,5,662.689,4.148,5.037,22.518,0.247,0.247,1.19,NA,NA,NA,NA,NA,NA,NA,NA,NA,NA,NA,NA,NA,NA,NA,NA,NA,26226,26226,NA,NA,2558,0.13,0.13,NA,126,48.15,20250834,15.196,16.4,2.519,1.486,2014.306,NA,268.024,2.42,1.6,23,52.232,0.1,59.31,0.434
"125","MLT","Europe","Malta",2021-04-22,30096,33,37.571,411,0,1.143,68161.589,74.739,85.092,930.835,0,2.588,0.75,NA,NA,NA,NA,6.007,13.604,25.743,58.302,2129,853286,1932.527,4.822,1852,4.194,0.023,44.3,"tests performed",295587,201860,93727,6790,5188,66.94,45.72,21.23,11750,71.3,441539,1454.037,42.4,19.426,11.324,36513.323,0.2,168.711,8.83,20.9,30.2,NA,4.485,82.53,0.895
"126","MHL","Oceania","Marshall Islands",2021-04-22,4,0,0,NA,NA,0,67.574,0,0,NA,NA,0,NA,NA,NA,NA,NA,NA,NA,NA,NA,NA,NA,NA,NA,NA,NA,NA,NA,NA,NA,NA,NA,NA,NA,NA,NA,NA,NA,NA,59194,295.15,NA,NA,NA,3819.202,NA,557.793,30.53,NA,NA,82.502,2.7,73.7,0.704
"127","MRT","Africa","Mauritania",2021-04-22,18192,17,17.143,454,0,0.286,3912.544,3.656,3.687,97.642,0,0.061,0.93,NA,NA,NA,NA,NA,NA,NA,NA,NA,NA,NA,NA,NA,NA,NA,NA,NA,NA,NA,NA,NA,NA,NA,NA,NA,NA,33.33,4649660,4.289,20.3,3.138,1.792,3597.633,6,232.347,2.42,NA,NA,15.95,NA,64.92,0.546
"128","MUS","Africa","Mauritius",2021-04-22,1205,1,0.429,16,1,0.143,947.501,0.786,0.337,12.581,0.786,0.112,0.4,NA,NA,NA,NA,NA,NA,NA,NA,NA,NA,NA,NA,NA,NA,NA,NA,NA,NA,NA,NA,NA,NA,NA,NA,NA,NA,96.3,1271767,622.962,37.4,10.945,5.884,20292.745,0.5,224.644,22.02,3.2,40.7,NA,3.4,74.99,0.804
"129","MEX","North America","Mexico",2021-04-22,2319596,3785,3451.571,214079,482,409.429,17990.743,29.356,26.77,1660.393,3.738,3.176,0.96,NA,NA,NA,NA,NA,NA,NA,NA,8898,6050643,46.929,0.069,12777,0.099,0.185,5.4,"people tested",15477517,11622868,4978670,473907,366365,12,9.01,3.86,2842,44.44,128932753,66.444,29.3,6.857,4.321,17336.469,2.5,152.783,13.06,6.9,21.4,87.847,1.38,75.05,0.779
"130","FSM","Oceania","Micronesia (country)",2021-04-22,1,0,0,NA,NA,0,8.694,0,0,NA,NA,0,NA,NA,NA,NA,NA,NA,NA,NA,NA,NA,NA,NA,NA,NA,NA,NA,NA,NA,NA,NA,NA,NA,NA,NA,NA,NA,NA,NA,115021,150.777,23,4.81,2.392,3299.464,16,454.343,12.02,NA,NA,NA,NA,67.88,0.62
"131","MDA","Europe","Moldova",2021-04-22,248009,618,547.429,5668,25,25,61480.237,153.199,135.705,1405.07,6.197,6.197,0.76,NA,NA,NA,NA,NA,NA,NA,NA,NA,NA,NA,NA,NA,NA,NA,NA,NA,109899,98541,11358,3267,3412,2.72,2.44,0.28,846,62.04,4033963,123.655,37.6,10.864,6.955,5189.972,0.2,408.502,5.72,5.9,44.6,86.979,5.8,71.9,0.75
"132","MCO","Europe","Monaco",2021-04-22,2423,1,5.143,31,0,0,61741.922,25.482,131.048,789.93,0,0,0.94,NA,NA,NA,NA,NA,NA,NA,NA,NA,NA,NA,NA,NA,NA,NA,NA,NA,22953,12094,10859,NA,174,58.49,30.82,27.67,4434,54.63,39244,19347.5,NA,NA,NA,NA,NA,NA,5.46,NA,NA,NA,13.8,86.75,NA
"133","MNG","Asia","Mongolia",2021-04-22,26692,1328,1161,61,5,4.286,8142.045,405.089,354.148,18.607,1.525,1.307,1.49,NA,NA,NA,NA,NA,NA,NA,NA,15442,2592363,790.766,4.71,12459,3.8,0.078,12.8,"samples tested",649236,NA,NA,1428,2674,19.8,NA,NA,816,87.96,3278292,1.98,28.6,4.031,2.421,11840.846,0.5,460.043,4.82,5.5,46.5,71.18,7,69.87,0.737
"134","MNE","Europe","Montenegro",2021-04-22,96187,139,163.571,1451,7,5.571,153148.893,221.316,260.438,2310.281,11.145,8.871,0.79,NA,NA,NA,NA,NA,NA,NA,NA,NA,NA,NA,NA,NA,NA,NA,NA,NA,58150,39123,19027,688,1265,9.26,6.23,3.03,2014,NA,628062,46.28,39.1,14.762,9.395,16409.288,1,387.305,10.08,44,47.9,NA,3.861,76.88,0.829
"135","MSR","North America","Montserrat",2021-04-14,NA,NA,NA,NA,NA,NA,NA,NA,NA,NA,NA,NA,NA,NA,NA,NA,NA,NA,NA,NA,NA,NA,NA,NA,NA,NA,NA,NA,NA,NA,1751,1284,467,NA,15,35.03,25.69,9.34,3001,NA,4999,NA,NA,NA,NA,NA,NA,NA,NA,NA,NA,NA,NA,74.16,NA
"136","MAR","Africa","Morocco",2021-04-22,507938,600,525.429,8976,7,7,13761.32,16.256,14.235,243.182,0.19,0.19,1.03,NA,NA,NA,NA,NA,NA,NA,NA,8762,5687764,154.096,0.237,7798,0.211,0.066,15.1,"people tested",8914956,4707658,4207298,13304,26644,24.15,12.75,11.4,722,76.85,36910558,80.08,29.6,6.769,4.209,7485.013,1,419.146,7.14,0.8,47.1,NA,1.1,76.68,0.686
"137","MOZ","Africa","Mozambique",2021-04-22,69523,86,74.429,805,0,1.571,2224.349,2.752,2.381,25.756,0,0.05,0.75,NA,NA,NA,NA,NA,NA,NA,NA,1597,507194,16.227,0.051,1098,0.035,0.066,15.1,"units unclear",NA,NA,NA,NA,NA,NA,NA,NA,NA,55.56,31255435,37.728,17.7,3.158,1.87,1136.103,62.9,329.942,3.3,5.1,29.1,12.227,0.7,60.85,0.456
"138","MMR","Asia","Myanmar",2021-04-22,142674,13,9.143,3206,0,0,2622.212,0.239,0.168,58.923,0,0,0.76,NA,NA,NA,NA,NA,NA,NA,NA,NA,NA,NA,NA,NA,NA,NA,NA,NA,NA,NA,NA,NA,NA,NA,NA,NA,NA,75.93,54409794,81.721,29.1,5.732,3.12,5591.597,6.4,202.104,4.61,6.3,35.2,79.287,0.9,67.13,0.583
"139","NAM","Africa","Namibia",2021-04-22,47172,218,141,616,7,2.857,18564.958,85.796,55.492,242.432,2.755,1.124,0.94,NA,NA,NA,NA,NA,NA,NA,NA,1375,376317,148.103,0.541,1234,0.486,0.113,8.9,"samples tested",4748,4620,128,128,268,0.19,0.18,0.01,105,42.59,2540916,3.078,22,3.552,2.085,9541.808,13.4,243.811,3.94,9.7,34.2,44.6,NA,63.71,0.646
"140","NRU","Oceania","Nauru",2021-04-09,NA,NA,NA,NA,NA,NA,NA,NA,NA,NA,NA,NA,NA,NA,NA,NA,NA,NA,NA,NA,NA,NA,NA,NA,NA,NA,NA,NA,NA,NA,168,168,NA,168,168,1.55,1.55,NA,15507,NA,10834,682.45,NA,NA,NA,12895.635,NA,NA,24.07,43,36.9,NA,5,59.96,NA
"141","NPL","Asia","Nepal",2021-04-22,292152,2365,1442.571,3117,5,7.286,10026.905,81.169,49.51,106.978,0.172,0.25,1.97,NA,NA,NA,NA,NA,NA,NA,NA,10001,2379402,81.663,0.343,7122,0.244,0.189,5.3,"tests performed",1966506,1966506,NA,4514,12420,6.75,6.75,NA,426,30.56,29136808,204.43,25,5.809,3.212,2442.804,15,260.797,7.26,9.5,37.8,47.782,0.3,70.78,0.602
"142","NLD","Europe","Netherlands",2021-04-22,1460753,9682,8331.429,17226,24,23.286,85250.296,565.046,486.226,1005.318,1.401,1.359,1.05,808,47.155,1670,97.462,373.062,21.772,1517.843,88.582,NA,8598225,501.797,NA,30516,1.781,0.098,10.2,"people tested",4873624,3635235,943197,NA,107029,28.44,21.22,5.5,6246,75,17134873,508.544,43.2,18.779,11.881,48472.545,NA,109.361,5.29,24.4,27.3,NA,3.32,82.28,0.944
"143","NZL","Oceania","New Zealand",2021-04-22,2600,0,1.286,26,0,0,539.169,0,0.267,5.392,0,0,0.65,NA,NA,NA,NA,NA,NA,NA,NA,5174,1987958,412.248,1.073,4097,0.85,0,3217,"tests performed",183351,140580,42771,8329,6686,3.8,2.92,0.89,1386,22.22,4822233,18.206,37.9,15.322,9.72,36085.843,NA,128.797,8.08,14.8,17.2,NA,2.61,82.29,0.931
"144","NIC","North America","Nicaragua",2021-04-22,6835,0,8.143,181,0,0.143,1031.768,0,1.229,27.323,0,0.022,0.09,NA,NA,NA,NA,NA,NA,NA,NA,NA,NA,NA,NA,NA,NA,NA,NA,NA,61625,61625,NA,NA,1401,0.93,0.93,NA,211,13.89,6624554,51.667,27.3,5.445,3.519,5321.444,3.2,137.016,11.47,NA,NA,NA,0.9,74.48,0.66
"145","NER","Africa","Niger",2021-04-22,5143,2,4.286,191,0,0.143,212.462,0.083,0.177,7.89,0,0.006,1.13,NA,NA,NA,NA,NA,NA,NA,NA,NA,NA,NA,NA,NA,NA,NA,NA,NA,1366,1366,NA,NA,68,0.01,0.01,NA,3,34.26,24206636,16.955,15.1,2.553,1.378,926,44.5,238.339,2.42,0.1,15.4,8.978,0.3,62.42,0.394
"146","NGA","Africa","Nigeria",2021-04-22,164588,100,72.571,2061,0,0,798.43,0.485,0.352,9.998,0,0,0.93,NA,NA,NA,NA,NA,NA,NA,NA,NA,1870915,9.076,NA,4677,0.023,0.014,70.3,"samples tested",1148168,1148168,NA,14843,13867,0.56,0.56,NA,67,45.37,206139587,209.588,18.1,2.751,1.447,5338.454,NA,181.013,2.42,0.6,10.8,41.949,NA,54.69,0.539
"147","OWID_NAM",NA,"North America",2021-04-22,36970165,88701,79615.571,838048,1623,1250.571,62441.987,149.814,134.469,1415.449,2.741,2.112,NA,NA,NA,NA,NA,NA,NA,NA,NA,NA,NA,NA,NA,NA,NA,NA,NA,NA,249514237,160795023,96354421,3819037,3622871,42.14,27.16,16.27,6119,NA,592072204,NA,NA,NA,NA,NA,NA,NA,NA,NA,NA,NA,NA,NA,NA
"148","MKD","Europe","North Macedonia",2021-04-22,149221,603,602.857,4595,39,34,71624.476,289.434,289.365,2205.551,18.72,16.32,0.8,NA,NA,NA,NA,NA,NA,NA,NA,2379,690644,331.502,1.142,3159,1.516,0.252,4,"tests performed",44974,44974,NA,1942,1419,2.16,2.16,NA,681,NA,2083380,82.6,39.1,13.26,8.16,13111.214,5,322.688,10.08,NA,NA,NA,4.28,75.8,0.774
"149","OWID_CYN","Asia","Northern Cyprus",2021-04-19,NA,NA,NA,NA,NA,NA,NA,NA,NA,NA,NA,NA,NA,NA,NA,NA,NA,NA,NA,NA,NA,NA,NA,NA,NA,NA,NA,NA,NA,NA,107365,58812,48553,NA,441,28.09,15.39,12.7,1154,NA,NA,NA,NA,NA,NA,NA,NA,NA,NA,NA,NA,NA,NA,NA,NA
"150","NOR","Europe","Norway",2021-04-22,109581,444,479.571,735,1,4,20213.265,81.9,88.462,135.578,0.184,0.738,0.75,NA,NA,209,38.552,26.26,4.844,165.64,30.554,17907,4955100,914.016,3.303,16963,3.129,0.028,35.6,"people tested",1447305,1142793,304512,55769,25824,26.7,21.08,5.62,4763,69.91,5421242,14.462,39.7,16.821,10.813,64800.057,0.2,114.316,5.31,19.6,20.7,NA,3.6,82.4,0.957
"151","OWID_OCE",NA,"Oceania",2021-04-22,42694,438,190.429,1038,8,2.571,1000.379,10.263,4.462,24.322,0.187,0.06,NA,NA,NA,NA,NA,NA,NA,NA,NA,NA,NA,NA,NA,NA,NA,NA,NA,NA,2028438,359623,42771,67231,69333,4.75,0.84,0.1,1625,NA,42677809,NA,NA,NA,NA,NA,NA,NA,NA,NA,NA,NA,NA,NA,NA
"152","OMN","Asia","Oman",2021-04-22,185278,1508,1230,1942,16,17.286,36281.91,295.303,240.864,380.291,3.133,3.385,1.19,NA,NA,NA,NA,NA,NA,NA,NA,NA,NA,NA,NA,NA,NA,NA,NA,NA,244821,198563,46258,NA,7430,4.79,3.89,0.91,1455,80.56,5106622,14.98,30.7,2.355,1.53,37960.709,NA,266.342,12.61,0.5,15.6,97.4,1.6,77.86,0.813
"153","PAK","Asia","Pakistan",2021-04-22,784108,5870,5560.857,16842,144,122.857,3549.729,26.574,25.175,76.245,0.652,0.556,1.12,NA,NA,NA,NA,NA,NA,NA,NA,57591,11377423,51.507,0.261,62093,0.281,0.087,11.5,"tests performed",NA,1300000,NA,NA,NA,NA,0.59,NA,NA,58.8,220892331,255.573,23.5,4.495,2.78,5034.708,4,423.031,8.35,2.8,36.7,59.607,0.6,67.27,0.557
"154","PSE","Asia","Palestine",2021-04-22,287680,1652,1610.429,3115,19,25.429,56392.186,323.832,315.683,610.615,3.724,4.985,0.84,NA,NA,NA,NA,NA,NA,NA,NA,6061,NA,NA,1.188,5694,1.116,0.288,3.5,"tests performed",206354,167711,38643,4075,4070,4.05,3.29,0.76,798,77.78,5101416,778.202,20.4,3.043,1.726,4449.898,1,265.91,10.59,NA,NA,NA,NA,74.05,0.708
"155","PAN","North America","Panama",2021-04-22,361992,314,308.857,6198,2,2.143,83896.052,72.773,71.581,1436.462,0.464,0.497,0.94,NA,NA,NA,NA,NA,NA,NA,NA,9021,2326906,539.289,2.091,8227,1.907,0.036,27.5,"tests performed",555898,369122,186776,-18314,720,12.88,8.55,4.33,167,68.52,4314768,55.133,29.7,7.918,5.03,22267.037,2.2,128.346,8.33,2.4,9.9,NA,2.3,78.51,0.815
"156","PNG","Oceania","Papua New Guinea",2021-04-22,10338,386,164.286,99,8,2.429,1155.468,43.143,18.362,11.065,0.894,0.271,1.04,NA,NA,NA,NA,NA,NA,NA,NA,NA,NA,NA,NA,NA,NA,NA,NA,NA,1081,1081,NA,NA,119,0.01,0.01,NA,13,74.07,8947027,18.22,22.6,3.808,2.142,3823.194,NA,561.494,17.65,23.5,48.8,NA,NA,64.5,0.555
"157","PRY","South America","Paraguay",2021-04-22,260382,2676,2264.857,5633,72,74.714,36506.261,375.182,317.539,789.762,10.095,10.475,1.13,NA,NA,NA,NA,NA,NA,NA,NA,6421,1039588,145.753,0.9,6403,0.898,0.347,2.9,"tests performed",93111,80428,12683,240,4410,1.31,1.13,0.18,618,64.81,7132530,17.144,26.5,6.378,3.833,8827.01,1.7,199.128,8.27,5,21.6,79.602,1.3,74.25,0.728
"158","PER","South America","Peru",2021-04-22,1734606,15518,9552.714,58604,650,398.857,52608.701,470.644,289.723,1777.395,19.714,12.097,1.1,NA,NA,NA,NA,NA,NA,NA,NA,5496,3195388,96.913,0.167,7544,0.229,0.2,5,"tests performed",1333570,776743,556827,11302,20376,4.04,2.36,1.69,618,NA,32971846,25.129,29.1,7.151,4.455,12236.706,3.5,85.755,5.95,4.8,NA,NA,1.6,76.74,0.777
"159","PHL","Asia","Philippines",2021-04-22,971049,8742,9537.714,16370,105,110.857,8861.465,79.777,87.038,149.387,0.958,1.012,0.96,NA,NA,NA,NA,NA,NA,NA,NA,47003,10666642,97.34,0.429,47745,0.436,0.208,4.8,"people tested",1612420,1397628,214792,49857,43776,1.47,1.28,0.2,399,81.02,109581085,351.873,25.2,4.803,2.661,7599.188,NA,370.437,7.07,7.8,40.8,78.463,1,71.23,0.718
"160","POL","Europe","Poland",2021-04-22,2731256,12763,12716.286,64168,695,508,72166.473,337.23,335.995,1695.476,18.364,13.423,0.79,NA,NA,31270,826.23,NA,NA,NA,NA,71228,13503310,356.791,1.882,70978,1.875,0.189,5.3,"people tested",9806966,7311128,2495838,311649,188879,25.91,19.32,6.59,4991,78.7,37846605,124.027,41.8,16.763,10.202,27216.445,NA,227.331,5.91,23.3,33.1,NA,6.62,78.73,0.88
"161","PRT","Europe","Portugal",2021-04-22,832891,636,504.714,16956,4,3.286,81682.351,62.373,49.498,1662.89,0.392,0.322,0.96,109,10.69,428,41.974,NA,NA,36.644,3.594,84430,10047412,985.359,8.28,56298,5.521,0.009,116,"tests performed",2829406,2095098,734286,53869,67081,27.75,20.55,7.2,6579,62.04,10196707,112.371,46.2,21.502,14.924,27936.896,0.5,127.842,9.85,16.3,30,NA,3.39,82.05,0.864
"162","QAT","Asia","Qatar",2021-04-22,199980,800,861.143,407,7,7.143,69411.953,277.676,298.898,141.267,2.43,2.479,0.97,NA,NA,NA,NA,NA,NA,NA,NA,4998,1854566,643.71,1.735,4926,1.71,0.18,5.5,"people tested",1345423,NA,NA,24557,23176,46.7,NA,NA,8044,85.19,2881060,227.322,31.9,1.307,0.617,116935.6,NA,176.69,16.52,0.8,26.9,NA,1.2,80.23,0.848
"163","ROU","Europe","Romania",2021-04-22,1039998,2989,2813.857,26943,150,163.286,54060.463,155.372,146.268,1400.533,7.797,8.488,0.78,1475,76.672,NA,NA,NA,NA,NA,NA,24867,7203810,374.464,1.293,20278,1.054,0.144,7,"tests performed",4487643,2801060,1686583,91778,81246,23.33,14.56,8.77,4223,63.89,19237682,85.129,43,17.85,11.69,23313.199,5.7,370.946,9.74,22.9,37.1,NA,6.892,76.05,0.828
"164","RUS","Europe","Russia",2021-04-22,4682573,8874,8587,105328,391,380.143,32086.822,60.808,58.841,721.749,2.679,2.605,1,NA,NA,NA,NA,NA,NA,NA,NA,332888,127175519,871.456,2.281,292030,2.001,0.029,34.2,"tests performed",17218313,10787419,6430894,397046,293459,11.8,7.39,4.41,2011,42.13,145934460,8.823,39.6,14.178,9.393,24765.954,0.1,431.297,6.18,23.4,58.3,NA,8.05,72.58,0.824
"165","RWA","Africa","Rwanda",2021-04-22,24262,150,74,328,1,1,1873.194,11.581,5.713,25.324,0.077,0.077,0.67,NA,NA,NA,NA,NA,NA,NA,NA,4092,1264616,97.637,0.316,4573,0.353,0.013,76.8,"samples tested",349702,349702,NA,275,60,2.7,2.7,NA,5,71.3,12952209,494.869,20.3,2.974,1.642,1854.211,56,191.375,4.28,4.7,21,4.617,NA,69.02,0.543
"166","SHN","Africa","Saint Helena",2021-04-09,NA,NA,NA,NA,NA,NA,NA,NA,NA,NA,NA,NA,NA,NA,NA,NA,NA,NA,NA,NA,NA,NA,NA,NA,NA,NA,NA,NA,NA,NA,4572,3563,1009,NA,61,75.31,58.69,16.62,10048,NA,6071,NA,NA,NA,NA,NA,NA,NA,NA,NA,NA,NA,NA,80.56,NA
"167","KNA","North America","Saint Kitts and Nevis",2021-04-22,44,0,0,NA,NA,0,827.192,0,0,NA,NA,0,NA,NA,NA,NA,NA,NA,NA,NA,NA,NA,NA,NA,NA,NA,NA,NA,NA,NA,11451,11451,NA,299,181,21.53,21.53,NA,3403,NA,53192,212.865,NA,NA,NA,24654.385,NA,NA,12.84,NA,NA,NA,2.3,76.23,0.779
"168","LCA","North America","Saint Lucia",2021-04-22,4455,11,14.286,70,0,0.857,24260.874,59.903,77.797,381.203,0,4.668,0.97,NA,NA,NA,NA,NA,NA,NA,NA,NA,NA,NA,NA,NA,NA,NA,NA,NA,23829,NA,NA,89,69,12.98,NA,NA,376,NA,183629,293.187,34.9,9.721,6.405,12951.839,NA,204.62,11.62,NA,NA,87.202,1.3,76.2,0.759
"169","VCT","North America","Saint Vincent and the Grenadines",2021-04-22,1827,0,1.286,10,0,0,16467.322,0,11.589,90.133,0,0,0.78,NA,NA,NA,NA,NA,NA,NA,NA,NA,NA,NA,NA,NA,NA,NA,NA,NA,12764,NA,NA,NA,91,11.5,NA,NA,820,NA,110947,281.787,31.8,7.724,4.832,10727.146,NA,252.675,11.62,NA,NA,NA,2.6,72.53,0.738
"170","WSM","Oceania","Samoa",2021-04-22,3,0,0,NA,NA,0,15.12,0,0,NA,NA,0,NA,NA,NA,NA,NA,NA,NA,NA,NA,NA,NA,NA,NA,NA,NA,NA,NA,NA,NA,NA,NA,NA,NA,NA,NA,NA,NA,NA,198410,69.413,22,5.606,3.564,6021.557,NA,348.977,9.21,16.7,38.1,NA,NA,73.32,0.715
"171","SMR","Europe","San Marino",2021-04-22,5045,1,5,88,0,0.286,148653.427,29.465,147.327,2592.964,0,8.419,0.68,NA,NA,NA,NA,NA,NA,NA,NA,NA,NA,NA,NA,NA,NA,NA,NA,NA,24262,15621,8641,990,662,71.49,46.03,25.46,19506,54.63,33938,556.667,NA,NA,NA,56861.47,NA,NA,5.64,NA,NA,NA,3.8,84.97,NA
"172","STP","Africa","Sao Tome and Principe",2021-04-22,2292,4,3,35,0,0,10458.065,18.251,13.689,159.7,0,0,0.82,NA,NA,NA,NA,NA,NA,NA,NA,NA,NA,NA,NA,NA,NA,NA,NA,NA,NA,NA,NA,NA,NA,NA,NA,NA,NA,NA,219161,212.841,18.7,2.886,2.162,3052.714,32.3,270.113,2.42,NA,NA,41.34,2.9,70.39,0.625
"173","SAU","Asia","Saudi Arabia",2021-04-22,409093,1055,993,6869,11,11.143,11750.864,30.304,28.523,197.306,0.316,0.32,1.16,NA,NA,NA,NA,NA,NA,NA,NA,61923,16414039,471.48,1.779,56454,1.622,0.017,57.4,"tests performed",7767501,NA,NA,155973,153885,22.31,NA,NA,4420,50,34813867,15.322,31.9,3.295,1.845,49045.411,NA,259.538,17.72,1.8,25.4,NA,2.7,75.13,0.854
"174","SEN","Africa","Senegal",2021-04-22,39975,65,52.714,1097,1,1.714,2387.432,3.882,3.148,65.516,0.06,0.102,0.81,NA,NA,NA,NA,NA,NA,NA,NA,1392,480993,28.726,0.083,1422,0.085,0.035,28.2,"tests performed",392439,392439,NA,765,2209,2.34,2.34,NA,132,23.15,16743930,82.328,18.7,3.008,1.796,2470.58,38,241.219,2.42,0.4,16.6,20.859,NA,67.94,0.512
"175","SRB","Europe","Serbia",2021-04-22,673520,2719,2664.286,6130,35,35.571,98980.16,399.583,391.542,900.862,5.144,5.228,0.82,NA,NA,NA,NA,NA,NA,NA,NA,14544,3741146,549.797,2.137,13456,1.977,0.201,5,"people tested",3176769,1892399,1284370,40291,22338,46.69,27.81,18.88,3283,56.48,6804596,80.291,41.2,17.366,NA,14048.881,NA,439.415,10.08,37.7,40.2,97.719,5.609,76,0.806
"176","SYC","Africa","Seychelles",2021-04-22,5170,154,57.857,26,1,0.143,52572.707,1565.996,588.338,264.389,10.169,1.453,1.21,NA,NA,NA,NA,NA,NA,NA,NA,NA,NA,NA,NA,NA,NA,NA,NA,NA,116957,66433,50524,NA,844,118.93,67.55,51.38,8582,45.37,98340,208.354,36.2,8.606,5.586,26382.287,1.1,242.648,10.55,7.1,35.7,NA,3.6,73.4,0.796
"177","SLE","Africa","Sierra Leone",2021-04-22,4044,2,4,79,0,0,506.958,0.251,0.501,9.903,0,0,1.16,NA,NA,NA,NA,NA,NA,NA,NA,NA,NA,NA,NA,NA,NA,NA,NA,NA,44347,42566,1781,1928,1118,0.56,0.53,0.02,140,50.93,7976985,104.7,19.1,2.538,1.285,1390.3,52.2,325.721,2.42,8.8,41.3,19.275,NA,54.7,0.452
"178","SGP","Asia","Singapore",2021-04-22,60904,24,24.143,30,0,0,10410.33,4.102,4.127,5.128,0,0,1.01,NA,NA,NA,NA,NA,NA,NA,NA,NA,9278789,1586.025,NA,17292,2.956,0.001,699.7,"samples tested",2213888,1364124,849764,NA,45530,37.84,23.32,14.53,7782,50.93,5850343,7915.731,42.4,12.922,7.049,85535.383,NA,92.243,10.99,5.2,28.3,NA,2.4,83.62,0.938
"179","SVK","Europe","Slovakia",2021-04-22,378150,677,600,11357,53,68.571,69262.77,124.001,109.897,2080.173,9.708,12.56,0.84,NA,NA,1818,332.989,NA,NA,NA,NA,135754,31976150,5856.821,24.865,297767,54.54,0.004,250,"tests performed",1392593,996484,396109,20706,21001,25.51,18.25,7.26,3847,64.81,5459643,113.128,41.2,15.07,9.167,30155.152,0.7,287.959,7.29,23.1,37.7,NA,5.82,77.54,0.86
"180","SVN","Europe","Slovenia",2021-04-22,234811,744,692,4187,11,6.429,112947.898,357.876,332.863,2014.015,5.291,3.092,0.91,153,73.595,631,303.521,75.386,36.262,426.527,205.166,5371,1149750,553.048,2.584,3709,1.784,0.188,5.3,"tests performed",562457,394990,167467,17865,9235,27.06,19,8.06,4442,65.74,2078932,102.619,44.5,19.062,12.93,31400.84,NA,153.493,7.25,20.1,25,NA,4.5,81.32,0.917
"181","SLB","Oceania","Solomon Islands",2021-04-22,20,0,0.143,NA,NA,0,29.117,0,0.208,NA,NA,0,NA,NA,NA,NA,NA,NA,NA,NA,NA,NA,NA,NA,NA,NA,NA,NA,NA,NA,NA,NA,NA,NA,NA,NA,NA,NA,NA,33.33,686878,21.841,20.8,3.507,2.043,2205.923,25.1,459.78,18.68,NA,NA,35.89,1.4,73,0.567
"182","SOM","Africa","Somalia",2021-04-22,13459,0,88.857,689,0,4.714,846.839,0,5.591,43.352,0,0.297,1.07,NA,NA,NA,NA,NA,NA,NA,NA,NA,NA,NA,NA,NA,NA,NA,NA,NA,117567,117567,NA,NA,NA,0.74,0.74,NA,NA,NA,15893219,23.5,16.8,2.731,1.496,NA,NA,365.769,6.05,NA,NA,9.831,0.9,57.4,NA
"183","ZAF","Africa","South Africa",2021-04-22,1571348,1413,1202.429,53995,55,60.571,26494.397,23.825,20.274,910.406,0.927,1.021,1.11,NA,NA,NA,NA,NA,NA,NA,NA,34493,10447673,176.158,0.582,26858,0.453,0.043,23.5,"people tested",292623,292623,292623,2836,2884,0.49,0.49,0.49,49,NA,59308690,46.754,27.3,5.344,3.053,12294.876,18.9,200.38,5.52,8.1,33.2,43.993,2.32,64.13,0.709
"184","OWID_SAM",NA,"South America",2021-04-22,23874505,125475,126227.429,639255,4187,3982.857,55424.175,291.288,293.034,1484.017,9.72,9.246,NA,NA,NA,NA,NA,NA,NA,NA,NA,NA,NA,NA,NA,NA,NA,NA,NA,NA,64112472,45064257,19048215,1183514,881378,14.88,10.46,4.42,2046,NA,430759772,NA,NA,NA,NA,NA,NA,NA,NA,NA,NA,NA,NA,NA,NA
"185","KOR","Asia","South Korea",2021-04-22,117458,797,667,1811,3,3,2291.006,15.545,13.01,35.323,0.059,0.059,1.05,NA,NA,NA,NA,NA,NA,NA,NA,39983,8470366,165.214,0.78,35637,0.695,0.018,57.1,"people tested",2114700,2035549,79151,150311,96354,4.12,3.97,0.15,1879,58.33,51269183,527.967,43.4,13.914,8.622,35938.374,0.2,85.998,6.8,6.2,40.9,NA,12.27,83.03,0.916
"186","SSD","Africa","South Sudan",2021-04-22,10504,18,12.571,114,0,0,938.383,1.608,1.123,10.184,0,0,0.76,NA,NA,NA,NA,NA,NA,NA,NA,538,146233,13.064,0.048,565,0.05,0.021,47.7,"tests performed",947,947,NA,NA,95,0.01,0.01,NA,8,72.22,11193729,NA,19.2,3.441,2.032,1569.888,NA,280.775,10.43,NA,NA,NA,NA,57.85,0.433
"187","ESP","Europe","Spain",2021-04-22,3456886,10814,8600.143,77496,132,87.714,73936.521,231.292,183.941,1657.499,2.823,1.876,1.04,NA,NA,NA,NA,55.316,1.183,984.829,21.064,NA,38644733,826.541,NA,123757,2.647,0.069,14.4,"tests performed",13909964,10141949,3768015,412155,289268,29.75,21.69,8.06,6187,67.59,46754783,93.105,45.5,19.436,13.799,34272.36,1,99.403,7.17,27.4,31.4,NA,2.97,83.56,0.904
"188","LKA","Asia","Sri Lanka",2021-04-22,98722,672,396.143,634,4,3.714,4610.323,31.382,18.5,29.608,0.187,0.173,1.14,NA,NA,NA,NA,NA,NA,NA,NA,12464,2503762,116.926,0.582,6055,0.283,0.055,18.2,"tests performed",925242,925242,NA,NA,109,4.32,4.32,NA,5,47.69,21413250,341.955,34.1,10.069,5.331,11669.077,0.7,197.093,10.68,0.3,27,NA,3.6,76.98,0.782
"189","SDN","Africa","Sudan",2021-04-22,33599,442,95.286,2300,11,13.143,766.239,10.08,2.173,52.452,0.251,0.3,0.32,NA,NA,NA,NA,NA,NA,NA,NA,NA,NA,NA,NA,NA,NA,NA,NA,NA,100010,100010,NA,NA,8601,0.23,0.23,NA,196,NA,43849269,23.258,19.7,3.548,2.034,4466.507,NA,431.388,15.67,NA,NA,23.437,0.8,65.31,0.51
"190","SUR","South America","Suriname",2021-04-22,9865,74,58.143,191,2,0.857,16816.277,126.143,99.113,325.586,3.409,1.461,1.78,NA,NA,NA,NA,NA,NA,NA,NA,NA,NA,NA,NA,NA,NA,NA,NA,NA,35777,35777,NA,353,211,6.1,6.1,NA,360,NA,586634,3.612,29.6,6.933,4.229,13767.119,NA,258.314,12.54,7.4,42.9,67.779,3.1,71.68,0.738
"191","SWE","Europe","Sweden",2021-04-22,932076,7736,5656.571,13882,19,17.286,92291.423,765.996,560.097,1374.555,1.881,1.712,1.09,403,39.904,2116,209.52,225.893,22.367,NA,NA,48658,NA,NA,4.818,48658,4.818,0.125,8,"tests performed",2711601,2010951,700650,75055,67020,26.85,19.91,6.94,6636,65.74,10099270,24.718,41,19.985,13.433,46949.283,0.5,133.982,4.79,18.8,18.9,NA,2.22,82.8,0.945
"192","CHE","Europe","Switzerland",2021-04-22,644396,2265,2028.857,10555,9,8.143,74456.897,261.71,234.425,1219.58,1.04,0.941,1.09,NA,NA,NA,NA,NA,NA,NA,NA,23739,6285821,726.297,2.743,24902,2.877,0.087,11.5,"tests performed",2091809,1326196,765613,67436,40501,24.17,15.32,8.85,4680,60.19,8654618,214.243,43.1,18.436,12.644,57410.166,NA,99.739,5.59,22.6,28.9,NA,4.53,83.78,0.955
"193","SYR","Asia","Syria",2021-04-22,21725,141,144.571,1496,13,11.714,1241.382,8.057,8.261,85.483,0.743,0.669,1.1,NA,NA,NA,NA,NA,NA,NA,NA,NA,NA,NA,NA,NA,NA,NA,NA,NA,NA,NA,NA,NA,NA,NA,NA,NA,NA,57.87,17500657,NA,21.7,NA,2.577,NA,NA,376.264,NA,NA,NA,70.598,1.5,72.7,0.567
"194","TWN","Asia","Taiwan",2021-04-22,1086,4,2.571,11,0,0,45.598,0.168,0.108,0.462,0,0,1.02,NA,NA,NA,NA,NA,NA,NA,NA,674,201735,8.47,0.028,511,0.021,0.004,228.2,"people tested",39221,32389,NA,2490,1312,0.16,0.14,NA,55,25,23816775,NA,42.2,NA,8.353,NA,NA,103.957,NA,NA,NA,NA,NA,80.46,NA
"195","TJK","Asia","Tajikistan",2021-04-22,13308,0,0,90,0,0,1395.313,0,0,9.436,0,0,0,NA,NA,NA,NA,NA,NA,NA,NA,NA,NA,NA,NA,NA,NA,NA,NA,NA,NA,NA,NA,NA,NA,NA,NA,NA,NA,31.48,9537642,64.281,23.3,3.466,2.155,2896.913,4.8,427.698,7.11,NA,NA,72.704,4.8,71.1,0.668
"196","TZA","Africa","Tanzania",2021-04-22,509,0,0,21,0,0,8.521,0,0,0.352,0,0,0,NA,NA,NA,NA,NA,NA,NA,NA,NA,NA,NA,NA,NA,NA,NA,NA,NA,NA,NA,NA,NA,NA,NA,NA,NA,NA,8.33,59734213,64.699,17.7,3.108,1.874,2683.304,49.1,217.288,5.75,3.3,26.7,47.953,0.7,65.46,0.529
"197","THA","Asia","Thailand",2021-04-22,48113,1470,1522.857,117,7,2.857,689.298,21.06,21.817,1.676,0.1,0.041,1.81,NA,NA,NA,NA,NA,NA,NA,NA,NA,NA,NA,NA,NA,NA,NA,NA,NA,666210,571825,94385,47627,13076,0.95,0.82,0.14,187,47.22,69799978,135.132,40.1,11.373,6.89,16277.671,0.1,109.861,7.04,1.9,38.8,90.67,2.1,77.15,0.777
"198","TLS","Asia","Timor",2021-04-22,1657,148,74.143,3,1,0.143,1256.786,112.254,56.235,2.275,0.758,0.108,1.39,NA,NA,NA,NA,NA,NA,NA,NA,NA,NA,NA,NA,NA,NA,NA,NA,NA,2629,2629,NA,NA,NA,0.2,0.2,NA,NA,80.09,1318442,87.176,18,3.556,1.897,6570.102,30.3,335.346,6.86,6.3,78.1,28.178,5.9,69.5,0.606
"199","TGO","Africa","Togo",2021-04-22,12698,41,69.143,121,0,0.571,1533.809,4.952,8.352,14.616,0,0.069,1.02,NA,NA,NA,NA,NA,NA,NA,NA,1002,303231,36.628,0.121,1063,0.128,0.056,17.7,"tests performed",160000,160000,NA,NA,10050,1.93,1.93,NA,1214,33.33,8278737,143.366,19.4,2.839,1.525,1429.813,49.2,280.033,6.15,0.9,14.2,10.475,0.7,61.04,0.515
"200","TON","Oceania","Tonga",2021-04-16,NA,NA,NA,NA,NA,NA,NA,NA,NA,NA,NA,NA,NA,NA,NA,NA,NA,NA,NA,NA,NA,NA,NA,NA,NA,NA,NA,NA,NA,NA,500,500,NA,NA,250,0.47,0.47,NA,2365,47.22,105697,150.028,22.3,5.82,4.032,5425.621,NA,227.49,15.42,11.8,44.4,NA,2.6,70.91,0.725
"201","TTO","North America","Trinidad and Tobago",2021-04-22,9383,167,100.714,157,0,1,6704.58,119.329,71.965,112.184,0,0.715,1.82,NA,NA,NA,NA,NA,NA,NA,NA,604,123913,88.541,0.432,697,0.498,0.132,7.6,"people tested",16462,16462,NA,NA,1176,1.18,1.18,NA,840,64.81,1399491,266.886,36.2,10.014,5.819,28763.071,NA,228.467,10.97,NA,NA,89.443,3,73.51,0.796
"202","TUN","Africa","Tunisia",2021-04-22,294138,2305,2108.857,10063,70,72.857,24887.681,195.031,178.435,851.453,5.923,6.165,1.23,NA,NA,NA,NA,NA,NA,NA,NA,8507,1249409,105.715,0.72,7108,0.601,0.309,3.2,"people tested",316580,265365,51215,16211,19079,2.68,2.25,0.43,1614,61.11,11818618,74.228,32.7,8.001,5.075,10849.297,2,318.991,8.52,1.1,65.8,78.687,2.3,76.7,0.74
"203","TUR","Asia","Turkey",2021-04-22,4501382,54791,59203.571,37329,354,328.286,53372.442,649.651,701.971,442.606,4.197,3.892,1.09,NA,NA,NA,NA,NA,NA,NA,NA,312109,45040704,534.043,3.701,316083,3.748,0.19,5.3,"tests performed",20728975,12796678,7932297,251290,183387,24.58,15.17,9.41,2174,83.33,84339067,104.914,31.6,8.153,5.061,25129.341,0.2,171.285,12.13,14.1,41.1,NA,2.81,77.69,0.82
"204","UGA","Africa","Uganda",2021-04-22,41529,54,38,341,0,0.429,907.916,1.181,0.831,7.455,0,0.009,1.12,NA,NA,NA,NA,NA,NA,NA,NA,2651,998791,21.836,0.058,3123,0.068,0.01,100.3,"samples tested",253562,253562,NA,7623,6693,0.55,0.55,NA,146,52.78,45741000,213.759,16.4,2.168,1.308,1697.707,41.6,213.333,2.5,3.4,16.7,21.222,0.5,63.37,0.544
"205","UKR","Europe","Ukraine",2021-04-22,2043901,16357,12492.429,43041,476,378.857,46735.086,374.013,285.647,984.16,10.884,8.663,0.9,NA,NA,NA,NA,NA,NA,NA,NA,46516,9089301,207.833,1.064,38172,0.873,0.322,3.1,"tests performed",508049,508044,5,16169,10747,1.16,1.16,0,246,69.44,43733759,77.39,41.4,16.462,11.133,7894.393,0.1,539.849,7.11,13.5,47.4,NA,8.8,72.06,0.779
"206","ARE","Asia","United Arab Emirates",2021-04-22,504872,2081,1921.286,1565,4,2.857,51046.672,210.406,194.258,158.234,0.404,0.289,0.97,NA,NA,NA,NA,NA,NA,NA,NA,256181,40925902,4137.942,25.902,234042,23.664,0.008,121.6,"tests performed",10001241,5081853,3836521,101239,87700,101.12,51.38,38.79,8867,53.7,9890400,112.442,34,1.144,0.526,67293.483,NA,317.84,17.26,1.2,37.4,NA,1.2,77.97,0.89
"207","GBR","Europe","United Kingdom",2021-04-22,4413834,2766,2534,127597,20,22.714,65018.321,40.745,37.327,1879.577,0.295,0.335,0.96,300,4.419,2004,29.52,NA,NA,577,8.5,1371393,143949153,2120.454,20.201,1083648,15.963,0.002,427.6,"tests performed",44450252,33257651,11192601,534693,498850,65.48,48.99,16.49,7348,66.2,67886004,272.898,40.8,18.517,12.527,39753.244,0.2,122.137,4.28,20,24.7,NA,2.54,81.32,0.932
"208","USA","North America","United States",2021-04-22,31929351,67257,61957.429,570345,943,705.714,96462.525,203.192,187.181,1723.083,2.849,2.132,0.96,9472,28.616,39090,118.096,NA,NA,35055,105.905,461175,404496912,1222.035,1.393,941823,2.845,0.068,14.7,"tests performed",218947643,135791031,89245776,2995734,2947229,65.47,40.6,26.68,8812,56.94,331002647,35.608,38.3,15.413,9.732,54225.446,1.2,151.089,10.79,19.1,24.6,NA,2.77,78.86,0.926
"209","URY","South America","Uruguay",2021-04-22,175891,3290,2770.286,2160,77,62,50634.664,947.11,797.497,621.811,22.166,17.848,0.99,NA,NA,NA,NA,NA,NA,NA,NA,17646,1675577,482.357,5.08,14314,4.121,0.205,4.9,"tests performed",1529024,1100940,428084,50546,39891,44.02,31.69,12.32,11484,72.22,3473727,19.751,35.6,14.655,10.361,20551.409,0.1,160.708,6.93,14,19.9,NA,2.8,77.91,0.817
"210","UZB","Asia","Uzbekistan",2021-04-22,87935,384,315,640,0,0.857,2627.341,11.473,9.412,19.122,0,0.026,1.26,NA,NA,NA,NA,NA,NA,NA,NA,NA,NA,NA,NA,NA,NA,NA,NA,NA,458555,458555,NA,78652,33957,1.37,1.37,NA,1015,37.04,33469199,76.134,28.2,4.469,2.873,6253.104,NA,724.417,7.57,1.3,24.7,NA,4,71.72,0.72
"211","VUT","Oceania","Vanuatu",2021-04-22,4,0,0.143,1,0,0.143,13.023,0,0.465,3.256,0,0.465,NA,NA,NA,NA,NA,NA,NA,NA,NA,NA,NA,NA,NA,NA,NA,NA,NA,NA,NA,NA,NA,NA,NA,NA,NA,NA,NA,22.22,307150,22.662,23.1,4.394,2.62,2921.909,13.2,546.3,12.02,2.8,34.5,25.209,NA,70.47,0.609
"212","VAT","Europe","Vatican",2021-04-22,27,0,0,NA,NA,0,33374.536,0,0,NA,NA,0,NA,NA,NA,NA,NA,NA,NA,NA,NA,NA,NA,NA,NA,NA,NA,NA,NA,NA,NA,NA,NA,NA,NA,NA,NA,NA,NA,NA,809,NA,NA,NA,NA,NA,NA,NA,NA,NA,NA,NA,NA,75.12,NA
"213","VEN","South America","Venezuela",2021-04-22,188063,1318,1242.571,1987,22,19.143,6613.566,46.35,43.697,69.876,0.774,0.673,1.04,NA,NA,NA,NA,NA,NA,NA,NA,NA,NA,NA,NA,NA,NA,NA,NA,NA,250000,250000,NA,NA,15200,0.88,0.88,NA,535,87.96,28435943,36.253,29,6.614,3.915,16745.022,NA,204.85,6.47,NA,NA,NA,0.8,72.06,0.711
"214","VNM","Asia","Vietnam",2021-04-22,2824,12,9.429,35,0,0,29.012,0.123,0.097,0.36,0,0,1.2,NA,NA,NA,NA,NA,NA,NA,NA,NA,NA,NA,NA,NA,NA,NA,NA,NA,128610,128610,NA,19713,9265,0.13,0.13,NA,95,56.94,97338583,308.127,32.6,7.15,4.718,6171.884,2,245.465,6,1,45.9,85.847,2.6,75.4,0.704
"215","OWID_WRL",NA,"World",2021-04-22,144742651,899831,809435,3071857,13712,12274.857,18569.133,115.44,103.843,394.091,1.759,1.575,1.13,NA,NA,NA,NA,NA,NA,NA,NA,NA,NA,NA,NA,NA,NA,NA,NA,NA,973378158,533975875,223329095,19944800,15624205,12.49,6.85,2.87,2004,NA,7794798729,58.045,30.9,8.696,5.355,15469.207,10,233.07,8.51,6.434,34.635,60.13,2.705,72.58,0.737
"216","YEM","Asia","Yemen",2021-04-22,6020,60,51.857,1157,10,8.571,201.838,2.012,1.739,38.792,0.335,0.287,0.94,NA,NA,NA,NA,NA,NA,NA,NA,NA,NA,NA,NA,NA,NA,NA,NA,NA,NA,NA,NA,NA,NA,NA,NA,NA,NA,34.26,29825968,53.508,20.3,2.922,1.583,1479.147,18.8,495.003,5.35,7.6,29.2,49.542,0.7,66.12,0.47
"217","ZMB","Africa","Zambia",2021-04-22,91189,70,93.857,1240,2,1.429,4960.249,3.808,5.105,67.45,0.109,0.078,0.82,NA,NA,NA,NA,NA,NA,NA,NA,4800,1365448,74.274,0.261,5466,0.297,0.019,53.6,"tests performed",3391,3391,NA,1277,565,0.02,0.02,NA,31,39.81,18383956,22.995,17.7,2.48,1.542,3689.251,57.5,234.499,3.94,3.1,24.7,13.938,2,63.89,0.584
"218","ZWE","Africa","Zimbabwe",2021-04-22,38018,38,85.143,1555,0,0.714,2557.908,2.557,5.729,104.623,0,0.048,1.47,NA,NA,NA,NA,NA,NA,NA,NA,1945,478757,32.211,0.131,1953,0.131,0.042,23.6,"tests performed",351799,308071,43728,18803,9417,2.37,2.07,0.29,634,57.41,14862927,42.729,19.6,2.822,1.882,1899.775,21.4,307.846,1.82,1.6,30.7,36.791,1.7,61.49,0.571
